invoiceId,supplier,amount,vatRate,invoiceDate
INV-100000,"Ironside Security",5927.06,0.2,2026-08-01
INV-100001,"Pinnacle Consulting",947.43,0.2,2026-08-02
INV-100002,"Pinnacle Consulting",676.77,0.2,2026-08-03
INV-100003,"Kestrel Waste Management",3789.32,0.2,2026-08-04
INV-100004,"Riverside Maintenance",8827.41,0.2,2026-08-05
INV-100005,"Larkspur Cleaning Contracts",6308.97,0.2,2026-08-06
INV-100006,"Juniper IT Services",3111.66,0.2,2026-08-07
INV-100007,"Quarryside Aggregates",4025.35,0.2,2026-08-08
INV-100008,"Alderman Logistics",4538.34,0.2,2026-08-09
INV-100009,"Cascade Office Supplies",1156.3,0.2,2026-08-10
INV-100010,"Harbour Point Packaging",5610.71,0.2,2026-08-11
INV-100011,"Delta Facilities Group",6547.58,0.2,2026-08-12
INV-100012,"Juniper IT Services",5656.67,0.2,2026-08-13
INV-100013,"Delta Facilities Group",3775.53,0.2,2026-08-14
INV-100014,"Ironside Security",5115.08,0.2,2026-08-15
INV-100015,"Ironside Security",5981.71,0.2,2026-08-16
INV-100016,"Alderman Logistics",8264.38,0.2,2026-08-17
INV-100017,"Larkspur Cleaning Contracts",4097.11,0.2,2026-08-18
INV-100018,"Cascade Office Supplies",8188.81,0.2,2026-08-19
INV-100019,"Alderman Logistics",4000.77,0.2,2026-08-20
INV-100020,"Everline Electrical",5692.56,0.2,2026-08-21
INV-100021,"Delta Facilities Group",9095.18,0.2,2026-08-22
INV-100022,"Riverside Maintenance",6286.58,0.2,2026-08-23
INV-100023,"Pinnacle Consulting",6905.33,0.2,2026-08-24
INV-100024,"Northfield Timber Co",4260.63,0.2,2026-08-25
INV-100025,"Delta Facilities Group",5232.63,0.2,2026-08-26
INV-100026,"Solstice Energy Partners",264.04,0.2,2026-08-27
INV-100027,"Riverside Maintenance",4721.14,0.2,2026-08-28
INV-100028,"Quarryside Aggregates",1455.43,0.2,2026-09-01
INV-100029,"Oakwood Landscaping",226.29,0.2,2026-09-02
INV-100030,"Cascade Office Supplies",1265.87,0.2,2026-09-03
INV-100031,"Oakwood Landscaping",4911.94,0.2,2026-09-04
INV-100032,"Riverside Maintenance",7250.1,0.2,2026-09-05
INV-100033,"Alderman Logistics",5667.64,0.2,2026-09-06
INV-100034,"Foxglove Catering",7673.69,0.2,2026-09-07
INV-100035,"Harbour Point Packaging",103.05,0.2,2026-09-08
INV-100036,"Oakwood Landscaping",6381.73,0.2,2026-09-09
INV-100037,"Alderman Logistics",5906.83,0.2,2026-09-10
INV-100038,"Larkspur Cleaning Contracts",6795.43,0.2,2026-09-11
INV-100039,"Alderman Logistics",6067.34,0.2,2026-09-12
INV-100040,"Pinnacle Consulting",2266.3,0.2,2026-09-13
INV-100041,"Berkshire Print & Signage",8125.5,0.2,2026-09-14
INV-100042,"Oakwood Landscaping",3765.22,0.2,2026-09-15
INV-100043,"Quarryside Aggregates",1576.83,0.2,2026-09-16
INV-100044,"Delta Facilities Group",4361.2,0.2,2026-09-17
INV-100045,"Solstice Energy Partners",9123.48,0.2,2026-09-18
INV-100046,"Harbour Point Packaging",5585.23,0.2,2026-09-19
INV-100047,"Foxglove Catering",5948.99,0.2,2026-09-20
INV-100048,"Cascade Office Supplies",5843.67,0.2,2026-09-21
INV-100049,"Cascade Office Supplies",4017.36,0.2,2026-09-22
INV-100050,"Delta Facilities Group",4816.91,0.2,2026-09-23
INV-100051,"Everline Electrical",9117.08,0.2,2026-09-24
INV-100052,"Delta Facilities Group",9314.5,0.2,2026-09-25
INV-100053,"Newton Freight",7026.89,0.2,2026-09-26
INV-100054,"Delta Facilities Group",678.09,0.2,2026-09-27
INV-100055,"Larkspur Cleaning Contracts",2827.53,0.2,2026-09-28
INV-100056,"Larkspur Cleaning Contracts",2568.09,0.2,2026-08-01
INV-100057,"Northfield Timber Co",3475.77,0.2,2026-08-02
INV-100058,"Harbour Point Packaging",2317.26,0.2,2026-08-03
INV-100059,"Kestrel Waste Management",3735.86,0.2,2026-08-04
INV-100060,"Granite Fleet Services",6020.99,0.2,2026-08-05
INV-100061,"Everline Electrical",8565.39,0.2,2026-08-06
INV-100062,"Ironside Security",6693.67,0.2,2026-08-07
INV-100063,"Riverside Maintenance",1985.13,0.2,2026-08-08
INV-100064,"Cascade Office Supplies",3421.81,0.2,2026-08-09
INV-100065,"Larkspur Cleaning Contracts",2546.42,0.2,2026-08-10
INV-100066,"Newton Freight",7603.62,0.2,2026-08-11
INV-100067,"Delta Facilities Group",9167.64,0.2,2026-08-12
INV-100068,"Granite Fleet Services",3608.99,0.2,2026-08-13
INV-100069,"Solstice Energy Partners",8843.28,0.2,2026-08-14
INV-100070,"Kestrel Waste Management",9092.56,0.2,2026-08-15
INV-100071,"Cascade Office Supplies",5262.56,0.2,2026-08-16
INV-100072,"Foxglove Catering",5944.94,0.2,2026-08-17
INV-100073,"Everline Electrical",3773.52,0.2,2026-08-18
INV-100074,"Harbour Point Packaging",5050.17,0.2,2026-08-19
INV-100075,"Pinnacle Consulting",3550.19,0.2,2026-08-20
INV-100076,"Everline Electrical",8790.01,0.2,2026-08-21
INV-100077,"Alderman Logistics",8416.22,0.2,2026-08-22
INV-100078,"Newton Freight",6974.84,0.2,2026-08-23
INV-100079,"Quarryside Aggregates",9181.4,0.2,2026-08-24
INV-100080,"Alderman Logistics",5074.07,0.2,2026-08-25
INV-100081,"Riverside Maintenance",1445,0.2,2026-08-26
INV-100082,"Solstice Energy Partners",5240.24,0.2,2026-08-27
INV-100083,"Northfield Timber Co",9317.69,0.2,2026-08-28
INV-100084,"Alderman Logistics",4681,0.2,2026-09-01
INV-100085,"Newton Freight",620.22,0.2,2026-09-02
INV-100086,"Everline Electrical",1790.67,0.2,2026-09-03
INV-100087,"Delta Facilities Group",7715.2,0.2,2026-09-04
INV-100088,"Alderman Logistics",1702.64,0.2,2026-09-05
INV-100089,"Berkshire Print & Signage",3423.18,0.2,2026-09-06
INV-100090,"Northfield Timber Co",462.11,0.2,2026-09-07
INV-100091,"Pinnacle Consulting",1441.58,0.2,2026-09-08
INV-100092,"Everline Electrical",753.41,0.2,2026-09-09
INV-100093,"Alderman Logistics",5342.41,0.2,2026-09-10
INV-100094,"Foxglove Catering",9207.73,0.2,2026-09-11
INV-100095,"Berkshire Print & Signage",3303.39,0.2,2026-09-12
INV-100096,"Berkshire Print & Signage",1080.58,0.2,2026-09-13
INV-100097,"Granite Fleet Services",2329.69,0.2,2026-09-14
INV-100098,"Riverside Maintenance",5374.16,0.2,2026-09-15
INV-100099,"Kestrel Waste Management",3629.11,0.2,2026-09-16
INV-100100,"Pinnacle Consulting",2300.31,0.2,2026-09-17
INV-100101,"Oakwood Landscaping",219.86,0.2,2026-09-18
INV-100102,"Harbour Point Packaging",8158.68,0.2,2026-09-19
INV-100103,"Everline Electrical",653.91,0.2,2026-09-20
INV-100104,"Harbour Point Packaging",7226.58,0.2,2026-09-21
INV-100105,"Solstice Energy Partners",2081.23,0.2,2026-09-22
INV-100106,"Riverside Maintenance",3261.59,0.2,2026-09-23
INV-100107,"Everline Electrical",2854.12,0.2,2026-09-24
INV-100108,"Alderman Logistics",6923.65,0.2,2026-09-25
INV-100109,"Riverside Maintenance",2394.33,0.2,2026-09-26
INV-100110,"Delta Facilities Group",8438.55,0.2,2026-09-27
INV-100111,"Everline Electrical",2042.67,0.2,2026-09-28
INV-100112,"Berkshire Print & Signage",9248.84,0.2,2026-08-01
INV-100113,"Larkspur Cleaning Contracts",1044.54,0.2,2026-08-02
INV-100114,"Riverside Maintenance",7623.92,0.2,2026-08-03
INV-100115,"Alderman Logistics",3634.4,0.2,2026-08-04
INV-100116,"Northfield Timber Co",373.39,0.2,2026-08-05
INV-100117,"Ironside Security",2756.96,0.2,2026-08-06
INV-100118,"Alderman Logistics",3292.43,0.2,2026-08-07
INV-100119,"Quarryside Aggregates",4413.88,0.2,2026-08-08
INV-100120,"Everline Electrical",4443.02,0.2,2026-08-09
INV-100121,"Pinnacle Consulting",926.67,0.2,2026-08-10
INV-100122,"Berkshire Print & Signage",8534.94,0.2,2026-08-11
INV-100123,"Solstice Energy Partners",3056.88,0.2,2026-08-12
INV-100124,"Alderman Logistics",2518.82,0.2,2026-08-13
INV-100125,"Ironside Security",7203.17,0.2,2026-08-14
INV-100126,"Harbour Point Packaging",2297.77,0.2,2026-08-15
INV-100127,"Juniper IT Services",3628.92,0.2,2026-08-16
INV-100128,"Newton Freight",1867.88,0.2,2026-08-17
INV-100129,"Meridian Supplies Ltd",7606.93,0.2,2026-08-18
INV-100130,"Harbour Point Packaging",3580.02,0.2,2026-08-19
INV-100131,"Kestrel Waste Management",7007.01,0.2,2026-08-20
INV-100132,"Delta Facilities Group",2491.7,0.2,2026-08-21
INV-100133,"Quarryside Aggregates",5694.08,0.2,2026-08-22
INV-100134,"Oakwood Landscaping",2082.24,0.2,2026-08-23
INV-100135,"Pinnacle Consulting",6914.73,0.2,2026-08-24
INV-100136,"Quarryside Aggregates",7834.99,0.2,2026-08-25
INV-100137,"Foxglove Catering",8844.91,0.2,2026-08-26
INV-100138,"Larkspur Cleaning Contracts",5973.59,0.2,2026-08-27
INV-100139,"Ironside Security",6618.31,0.2,2026-08-28
INV-100140,"Ironside Security",3150.74,0.2,2026-09-01
INV-100141,"Northfield Timber Co",452.73,0.2,2026-09-02
INV-100142,"Larkspur Cleaning Contracts",2381.81,0.2,2026-09-03
INV-100143,"Solstice Energy Partners",3594.2,0.2,2026-09-04
INV-100144,"Harbour Point Packaging",8239.31,0.2,2026-09-05
INV-100145,"Quarryside Aggregates",2657.82,0.2,2026-09-06
INV-100146,"Newton Freight",6094.84,0.2,2026-09-07
INV-100147,"Oakwood Landscaping",9218.03,0.2,2026-09-08
INV-100148,"Quarryside Aggregates",1179.16,0.2,2026-09-09
INV-100149,"Cascade Office Supplies",4669.77,0.2,2026-09-10
INV-100150,"Newton Freight",2181,0.2,2026-09-11
INV-100151,"Quarryside Aggregates",541.69,0.2,2026-09-12
INV-100152,"Berkshire Print & Signage",1964.28,0.2,2026-09-13
INV-100153,"Berkshire Print & Signage",5002.66,0.2,2026-09-14
INV-100154,"Northfield Timber Co",4741.24,0.2,2026-09-15
INV-100155,"Pinnacle Consulting",1798.44,0.2,2026-09-16
INV-100156,"Solstice Energy Partners",2510.19,0.2,2026-09-17
INV-100157,"Everline Electrical",1301.3,0.2,2026-09-18
INV-100158,"Pinnacle Consulting",6118.96,0.2,2026-09-19
INV-100159,"Pinnacle Consulting",3746.29,0.2,2026-09-20
INV-100160,"Everline Electrical",3441.35,0.2,2026-09-21
INV-100161,"Everline Electrical",252.22,0.2,2026-09-22
INV-100162,"Alderman Logistics",6545.26,0.2,2026-09-23
INV-100163,"Foxglove Catering",1742.37,0.2,2026-09-24
INV-100164,"Quarryside Aggregates",7920.18,0.2,2026-09-25
INV-100165,"Solstice Energy Partners",5561.2,0.2,2026-09-26
INV-100166,"Pinnacle Consulting",1036.45,0.2,2026-09-27
INV-100167,"Newton Freight",159.46,0.2,2026-09-28
INV-100168,"Newton Freight",8601.63,0.2,2026-08-01
INV-100169,"Berkshire Print & Signage",7697.66,0.2,2026-08-02
INV-100170,"Oakwood Landscaping",4171.44,0.2,2026-08-03
INV-100171,"Solstice Energy Partners",4327.99,0.2,2026-08-04
INV-100172,"Juniper IT Services",1559.18,0.2,2026-08-05
INV-100173,"Granite Fleet Services",3787.1,0.2,2026-08-06
INV-100174,"Juniper IT Services",1375.58,0.2,2026-08-07
INV-100175,"Harbour Point Packaging",4395.29,0.2,2026-08-08
INV-100176,"Quarryside Aggregates",963.93,0.2,2026-08-09
INV-100177,"Northfield Timber Co",1333.63,0.2,2026-08-10
INV-100178,"Alderman Logistics",8086.38,0.2,2026-08-11
INV-100179,"Juniper IT Services",554.75,0.2,2026-08-12
INV-100180,"Foxglove Catering",7628.01,0.2,2026-08-13
INV-100181,"Cascade Office Supplies",7262.52,0.2,2026-08-14
INV-100182,"Harbour Point Packaging",8828.22,0.2,2026-08-15
INV-100183,"Berkshire Print & Signage",2075.85,0.2,2026-08-16
INV-100184,"Larkspur Cleaning Contracts",3887.91,0.2,2026-08-17
INV-100185,"Pinnacle Consulting",4944.49,0.2,2026-08-18
INV-100186,"Granite Fleet Services",5018.13,0.2,2026-08-19
INV-100187,"Ironside Security",5119.68,0.2,2026-08-20
INV-100188,"Delta Facilities Group",6015.71,0.2,2026-08-21
INV-100189,"Larkspur Cleaning Contracts",1037.73,0.2,2026-08-22
INV-100190,"Larkspur Cleaning Contracts",8966.21,0.2,2026-08-23
INV-100191,"Cascade Office Supplies",2236.69,0.2,2026-08-24
INV-100192,"Quarryside Aggregates",7244.78,0.2,2026-08-25
INV-100193,"Kestrel Waste Management",7337.1,0.2,2026-08-26
INV-100194,"Kestrel Waste Management",1159.24,0.2,2026-08-27
INV-100195,"Oakwood Landscaping",1512.23,0.2,2026-08-28
INV-100196,"Ironside Security",5826.35,0.2,2026-09-01
INV-100197,"Alderman Logistics",7258.38,0.2,2026-09-02
INV-100198,"Kestrel Waste Management",4615.41,0.2,2026-09-03
INV-100199,"Delta Facilities Group",1404.5,0.2,2026-09-04
INV-100200,"Pinnacle Consulting",3156.8,0.2,2026-09-05
INV-100201,"Ironside Security",7861.33,0.2,2026-09-06
INV-100202,"Delta Facilities Group",7016.29,0.2,2026-09-07
INV-100203,"Foxglove Catering",2469.66,0.2,2026-09-08
INV-100204,"Cascade Office Supplies",8824.46,0.2,2026-09-09
INV-100205,"Foxglove Catering",8095.75,0.2,2026-09-10
INV-100206,"Solstice Energy Partners",1334.3,0.2,2026-09-11
INV-100207,"Kestrel Waste Management",8233.66,0.2,2026-09-12
INV-100208,"Quarryside Aggregates",3757.99,0.2,2026-09-13
INV-100209,"Juniper IT Services",8859.36,0.2,2026-09-14
INV-100210,"Oakwood Landscaping",9069.19,0.2,2026-09-15
INV-100211,"Cascade Office Supplies",6090.53,0.2,2026-09-16
INV-100212,"Harbour Point Packaging",1455.84,0.2,2026-09-17
INV-100213,"Juniper IT Services",725.39,0.2,2026-09-18
INV-100214,"Everline Electrical",8543.88,0.2,2026-09-19
INV-100215,"Pinnacle Consulting",4959.3,0.2,2026-09-20
INV-100216,"Granite Fleet Services",6870.49,0.2,2026-09-21
INV-100217,"Quarryside Aggregates",2129.55,0.2,2026-09-22
INV-100218,"Berkshire Print & Signage",8405.02,0.2,2026-09-23
INV-100219,"Cascade Office Supplies",4817.95,0.2,2026-09-24
INV-100220,"Foxglove Catering",5517.03,0.2,2026-09-25
INV-100221,"Ironside Security",7950.31,0.2,2026-09-26
INV-100222,"Quarryside Aggregates",5673.32,0.2,2026-09-27
INV-100223,"Delta Facilities Group",7551.79,0.2,2026-09-28
INV-100224,"Everline Electrical",5636.64,0.2,2026-08-01
INV-100225,"Granite Fleet Services",8652.55,0.2,2026-08-02
INV-100226,"Ironside Security",9411.8,0.2,2026-08-03
INV-100227,"Everline Electrical",1697.51,0.2,2026-08-04
INV-100228,"Solstice Energy Partners",2216.44,0.2,2026-08-05
INV-100229,"Alderman Logistics",451.08,0.2,2026-08-06
INV-100230,"Everline Electrical",898.47,0.2,2026-08-07
INV-100231,"Northfield Timber Co",6709.45,0.2,2026-08-08
INV-100232,"Granite Fleet Services",3342.83,0.2,2026-08-09
INV-100233,"Kestrel Waste Management",2178.03,0.2,2026-08-10
INV-100234,"Juniper IT Services",9072.78,0.2,2026-08-11
INV-100235,"Juniper IT Services",5701.61,0.2,2026-08-12
INV-100236,"Kestrel Waste Management",7482.95,0.2,2026-08-13
INV-100237,"Alderman Logistics",1544,0.2,2026-08-14
INV-100238,"Pinnacle Consulting",8745.21,0.2,2026-08-15
INV-100239,"Larkspur Cleaning Contracts",8163.11,0.2,2026-08-16
INV-100240,"Quarryside Aggregates",7541.05,0.2,2026-08-17
INV-100241,"Oakwood Landscaping",6024.88,0.2,2026-08-18
INV-100242,"Oakwood Landscaping",5718.37,0.2,2026-08-19
INV-100243,"Cascade Office Supplies",1211.38,0.2,2026-08-20
INV-100244,"Ironside Security",8227.6,0.2,2026-08-21
INV-100245,"Kestrel Waste Management",1306.8,0.2,2026-08-22
INV-100246,"Ironside Security",2764.1,0.2,2026-08-23
INV-100247,"Quarryside Aggregates",4385.29,0.2,2026-08-24
INV-100248,"Delta Facilities Group",2755.47,0.2,2026-08-25
INV-100249,"Quarryside Aggregates",7662.22,0.2,2026-08-26
INV-100250,"Delta Facilities Group",8589.19,0.2,2026-08-27
INV-100251,"Kestrel Waste Management",4390.15,0.2,2026-08-28
INV-100252,"Quarryside Aggregates",6554.15,0.2,2026-09-01
INV-100253,"Berkshire Print & Signage",5365.82,0.2,2026-09-02
INV-100254,"Alderman Logistics",7968.96,0.2,2026-09-03
INV-100255,"Solstice Energy Partners",4543.64,0.2,2026-09-04
INV-100256,"Juniper IT Services",6908.15,0.2,2026-09-05
INV-100257,"Kestrel Waste Management",4420.53,0.2,2026-09-06
INV-100258,"Pinnacle Consulting",1236.54,0.2,2026-09-07
INV-100259,"Riverside Maintenance",2107.51,0.2,2026-09-08
INV-100260,"Harbour Point Packaging",8673.36,0.2,2026-09-09
INV-100261,"Solstice Energy Partners",6065.11,0.2,2026-09-10
INV-100262,"Pinnacle Consulting",1620,0.2,2026-09-11
INV-100263,"Granite Fleet Services",3854.4,0.2,2026-09-12
INV-100264,"Harbour Point Packaging",9149.05,0.2,2026-09-13
INV-100265,"Northfield Timber Co",6113.55,0.2,2026-09-14
INV-100266,"Quarryside Aggregates",1442.94,0.2,2026-09-15
INV-100267,"Newton Freight",5034.66,0.2,2026-09-16
INV-100268,"Juniper IT Services",952.46,0.2,2026-09-17
INV-100269,"Granite Fleet Services",7426.58,0.2,2026-09-18
INV-100270,"Newton Freight",3646,0.2,2026-09-19
INV-100271,"Juniper IT Services",3644.91,0.2,2026-09-20
INV-100272,"Delta Facilities Group",3188.02,0.2,2026-09-21
INV-100273,"Solstice Energy Partners",817.18,0.2,2026-09-22
INV-100274,"Solstice Energy Partners",347.46,0.2,2026-09-23
INV-100275,"Granite Fleet Services",5127.88,0.2,2026-09-24
INV-100276,"Juniper IT Services",6809.39,0.2,2026-09-25
INV-100277,"Northfield Timber Co",3699.27,0.2,2026-09-26
INV-100278,"Oakwood Landscaping",3380.92,0.2,2026-09-27
INV-100279,"Berkshire Print & Signage",4040.04,0.2,2026-09-28
INV-100280,"Delta Facilities Group",6204.14,0.2,2026-08-01
INV-100281,"Granite Fleet Services",3274.74,0.2,2026-08-02
INV-100282,"Everline Electrical",6747.27,0.2,2026-08-03
INV-100283,"Delta Facilities Group",3530.15,0.2,2026-08-04
INV-100284,"Riverside Maintenance",6056.95,0.2,2026-08-05
INV-100285,"Quarryside Aggregates",7883.28,0.2,2026-08-06
INV-100286,"Larkspur Cleaning Contracts",8777,0.2,2026-08-07
INV-100287,"Delta Facilities Group",6920.94,0.2,2026-08-08
INV-100288,"Quarryside Aggregates",3290,0.2,2026-08-09
INV-100289,"Solstice Energy Partners",1633.49,0.2,2026-08-10
INV-100290,"Cascade Office Supplies",8622.43,0.2,2026-08-11
INV-100291,"Delta Facilities Group",7339.5,0.2,2026-08-12
INV-100292,"Juniper IT Services",8745.78,0.2,2026-08-13
INV-100293,"Everline Electrical",5149.71,0.2,2026-08-14
INV-100294,"Northfield Timber Co",3888.42,0.2,2026-08-15
INV-100295,"Delta Facilities Group",8912.67,0.2,2026-08-16
INV-100296,"Everline Electrical",7209.9,0.2,2026-08-17
INV-100297,"Kestrel Waste Management",9308.43,0.2,2026-08-18
INV-100298,"Newton Freight",3716.07,0.2,2026-08-19
INV-100299,"Solstice Energy Partners",8818.87,0.2,2026-08-20
INV-100300,"Cascade Office Supplies",2230.51,0.2,2026-08-21
INV-100301,"Everline Electrical",8735.72,0.2,2026-08-22
INV-100302,"Juniper IT Services",7840.6,0.2,2026-08-23
INV-100303,"Quarryside Aggregates",2158.53,0.2,2026-08-24
INV-100304,"Berkshire Print & Signage",4404.05,0.2,2026-08-25
INV-100305,"Riverside Maintenance",3578.54,0.2,2026-08-26
INV-100306,"Foxglove Catering",7085.18,0.2,2026-08-27
INV-100307,"Oakwood Landscaping",1317.83,0.2,2026-08-28
INV-100308,"Pinnacle Consulting",1604.86,0.2,2026-09-01
INV-100309,"Pinnacle Consulting",7624.12,0.2,2026-09-02
INV-100310,"Everline Electrical",9075.34,0.2,2026-09-03
INV-100311,"Quarryside Aggregates",4301.19,0.2,2026-09-04
INV-100312,"Pinnacle Consulting",5213.17,0.2,2026-09-05
INV-100313,"Solstice Energy Partners",6320.38,0.2,2026-09-06
INV-100314,"Newton Freight",2608.22,0.2,2026-09-07
INV-100315,"Granite Fleet Services",6465.43,0.2,2026-09-08
INV-100316,"Berkshire Print & Signage",1627.95,0.2,2026-09-09
INV-100317,"Quarryside Aggregates",713.66,0.2,2026-09-10
INV-100318,"Everline Electrical",1203.07,0.2,2026-09-11
INV-100319,"Larkspur Cleaning Contracts",8775.36,0.2,2026-09-12
INV-100320,"Quarryside Aggregates",8621.56,0.2,2026-09-13
INV-100321,"Quarryside Aggregates",6951.62,0.2,2026-09-14
INV-100322,"Ironside Security",8836.17,0.2,2026-09-15
INV-100323,"Foxglove Catering",5974.57,0.2,2026-09-16
INV-100324,"Berkshire Print & Signage",6595.82,0.2,2026-09-17
INV-100325,"Pinnacle Consulting",552.91,0.2,2026-09-18
INV-100326,"Kestrel Waste Management",3790.93,0.2,2026-09-19
INV-100327,"Pinnacle Consulting",4584.82,0.2,2026-09-20
INV-100328,"Cascade Office Supplies",300.32,0.2,2026-09-21
INV-100329,"Newton Freight",6867.3,0.2,2026-09-22
INV-100330,"Granite Fleet Services",7268.12,0.2,2026-09-23
INV-100331,"Northfield Timber Co",4829.66,0.2,2026-09-24
INV-100332,"Alderman Logistics",2156.72,0.2,2026-09-25
INV-100333,"Juniper IT Services",1350.76,0.2,2026-09-26
INV-100334,"Delta Facilities Group",7023.47,0.2,2026-09-27
INV-100335,"Kestrel Waste Management",6544.14,0.2,2026-09-28
INV-100336,"Ironside Security",1036.35,0.2,2026-08-01
INV-100337,"Alderman Logistics",1043.64,0.2,2026-08-02
INV-100338,"Everline Electrical",5208.92,0.2,2026-08-03
INV-100339,"Alderman Logistics",7781.56,0.2,2026-08-04
INV-100340,"Everline Electrical",7394.61,0.2,2026-08-05
INV-100341,"Granite Fleet Services",7052.58,0.2,2026-08-06
INV-100342,"Berkshire Print & Signage",6769.45,0.2,2026-08-07
INV-100343,"Everline Electrical",7066.49,0.2,2026-08-08
INV-100344,"Juniper IT Services",78.51,0.2,2026-08-09
INV-100345,"Granite Fleet Services",7073.78,0.2,2026-08-10
INV-100346,"Pinnacle Consulting",8246.67,0.2,2026-08-11
INV-100347,"Kestrel Waste Management",6613.85,0.2,2026-08-12
INV-100348,"Oakwood Landscaping",8006.42,0.2,2026-08-13
INV-100349,"Kestrel Waste Management",8210.04,0.2,2026-08-14
INV-100350,"Berkshire Print & Signage",3435.02,0.2,2026-08-15
INV-100351,"Granite Fleet Services",4116.57,0.2,2026-08-16
INV-100352,"Riverside Maintenance",9002.64,0.2,2026-08-17
INV-100353,"Newton Freight",5722.33,0.2,2026-08-18
INV-100354,"Granite Fleet Services",6288.16,0.2,2026-08-19
INV-100355,"Northfield Timber Co",6243.29,0.2,2026-08-20
INV-100356,"Northfield Timber Co",563.25,0.2,2026-08-21
INV-100357,"Riverside Maintenance",4617.92,0.2,2026-08-22
INV-100358,"Solstice Energy Partners",2897.76,0.2,2026-08-23
INV-100359,"Northfield Timber Co",76.65,0.2,2026-08-24
INV-100360,"Delta Facilities Group",5912.26,0.2,2026-08-25
INV-100361,"Larkspur Cleaning Contracts",3526.6,0.2,2026-08-26
INV-100362,"Cascade Office Supplies",4420.71,0.2,2026-08-27
INV-100363,"Cascade Office Supplies",5576.31,0.2,2026-08-28
INV-100364,"Newton Freight",6702.15,0.2,2026-09-01
INV-100365,"Quarryside Aggregates",939.93,0.2,2026-09-02
INV-100366,"Alderman Logistics",648.96,0.2,2026-09-03
INV-100367,"Alderman Logistics",2313.03,0.2,2026-09-04
INV-100368,"Larkspur Cleaning Contracts",8161.14,0.2,2026-09-05
INV-100369,"Cascade Office Supplies",1587.48,0.2,2026-09-06
INV-100370,"Pinnacle Consulting",222.41,0.2,2026-09-07
INV-100371,"Quarryside Aggregates",8986.41,0.2,2026-09-08
INV-100372,"Riverside Maintenance",3256.51,0.2,2026-09-09
INV-100373,"Cascade Office Supplies",5818.47,0.2,2026-09-10
INV-100374,"Granite Fleet Services",5318.3,0.2,2026-09-11
INV-100375,"Riverside Maintenance",6649.79,0.2,2026-09-12
INV-100376,"Pinnacle Consulting",7683.59,0.2,2026-09-13
INV-100377,"Ironside Security",6698.93,0.2,2026-09-14
INV-100378,"Granite Fleet Services",6210.73,0.2,2026-09-15
INV-100379,"Cascade Office Supplies",5639.97,0.2,2026-09-16
INV-100380,"Riverside Maintenance",1374,0.2,2026-09-17
INV-100381,"Delta Facilities Group",4255.99,0.2,2026-09-18
INV-100382,"Oakwood Landscaping",3478.7,0.2,2026-09-19
INV-100383,"Delta Facilities Group",8557.53,0.2,2026-09-20
INV-100384,"Cascade Office Supplies",8054.96,0.2,2026-09-21
INV-100385,"Everline Electrical",8149.51,0.2,2026-09-22
INV-100386,"Everline Electrical",6535.95,0.2,2026-09-23
INV-100387,"Foxglove Catering",4509.64,0.2,2026-09-24
INV-100388,"Granite Fleet Services",9341.78,0.2,2026-09-25
INV-100389,"Harbour Point Packaging",767.04,0.2,2026-09-26
INV-100390,"Juniper IT Services",3510.88,0.2,2026-09-27
INV-100391,"Northfield Timber Co",4445.6,0.2,2026-09-28
INV-100392,"Solstice Energy Partners",8475.81,0.2,2026-08-01
INV-100393,"Newton Freight",327.32,0.2,2026-08-02
INV-100394,"Newton Freight",331.23,0.2,2026-08-03
INV-100395,"Juniper IT Services",8625.76,0.2,2026-08-04
INV-100396,"Cascade Office Supplies",43.3,0.2,2026-08-05
INV-100397,"Kestrel Waste Management",2011.53,0.2,2026-08-06
INV-100398,"Delta Facilities Group",6467.78,0.2,2026-08-07
INV-100399,"Riverside Maintenance",2473.38,0.2,2026-08-08
INV-100400,"Oakwood Landscaping",2922.3,0.2,2026-08-09
INV-100401,"Delta Facilities Group",1268.1,0.2,2026-08-10
INV-100402,"Quarryside Aggregates",936.36,0.2,2026-08-11
INV-100403,"Newton Freight",2939.71,0.2,2026-08-12
INV-100404,"Everline Electrical",8581.79,0.2,2026-08-13
INV-100405,"Oakwood Landscaping",6949.43,0.2,2026-08-14
INV-100406,"Everline Electrical",7904.86,0.2,2026-08-15
INV-100407,"Harbour Point Packaging",3526.42,0.2,2026-08-16
INV-100408,"Oakwood Landscaping",5454.55,0.2,2026-08-17
INV-100409,"Delta Facilities Group",7523.84,0.2,2026-08-18
INV-100410,"Quarryside Aggregates",328.37,0.2,2026-08-19
INV-100411,"Granite Fleet Services",584.94,0.2,2026-08-20
INV-100412,"Cascade Office Supplies",675.4,0.2,2026-08-21
INV-100413,"Alderman Logistics",996.27,0.2,2026-08-22
INV-100414,"Juniper IT Services",6301.77,0.2,2026-08-23
INV-100415,"Oakwood Landscaping",3203.67,0.2,2026-08-24
INV-100416,"Riverside Maintenance",1432.5,0.2,2026-08-25
INV-100417,"Northfield Timber Co",3780.25,0.2,2026-08-26
INV-100418,"Quarryside Aggregates",970.33,0.2,2026-08-27
INV-100419,"Foxglove Catering",1488.37,0.2,2026-08-28
INV-100420,"Ironside Security",1653.84,0.2,2026-09-01
INV-100421,"Cascade Office Supplies",792.94,0.2,2026-09-02
INV-100422,"Kestrel Waste Management",8918.08,0.2,2026-09-03
INV-100423,"Harbour Point Packaging",1723.72,0.2,2026-09-04
INV-100424,"Foxglove Catering",2360.14,0.2,2026-09-05
INV-100425,"Solstice Energy Partners",9383.79,0.2,2026-09-06
INV-100426,"Riverside Maintenance",5928.32,0.2,2026-09-07
INV-100427,"Northfield Timber Co",2075.38,0.2,2026-09-08
INV-100428,"Northfield Timber Co",1846.2,0.2,2026-09-09
INV-100429,"Larkspur Cleaning Contracts",9113.57,0.2,2026-09-10
INV-100430,"Ironside Security",8286.3,0.2,2026-09-11
INV-100431,"Foxglove Catering",8784.17,0.2,2026-09-12
INV-100432,"Riverside Maintenance",3992.27,0.2,2026-09-13
INV-100433,"Cascade Office Supplies",6762.23,0.2,2026-09-14
INV-100434,"Harbour Point Packaging",1094.19,0.2,2026-09-15
INV-100435,"Cascade Office Supplies",7913.68,0.2,2026-09-16
INV-100436,"Ironside Security",6990.78,0.2,2026-09-17
INV-100437,"Solstice Energy Partners",1345.08,0.2,2026-09-18
INV-100438,"Granite Fleet Services",1537.33,0.2,2026-09-19
INV-100439,"Kestrel Waste Management",1751.94,0.2,2026-09-20
INV-100440,"Cascade Office Supplies",2644.11,0.2,2026-09-21
INV-100441,"Foxglove Catering",1575.47,0.2,2026-09-22
INV-100442,"Northfield Timber Co",9083.29,0.2,2026-09-23
INV-100443,"Newton Freight",5192.19,0.2,2026-09-24
INV-100444,"Alderman Logistics",2012.15,0.2,2026-09-25
INV-100445,"Alderman Logistics",6964.59,0.2,2026-09-26
INV-100446,"Solstice Energy Partners",2778.88,0.2,2026-09-27
INV-100447,"Ironside Security",2293.5,0.2,2026-09-28
INV-100448,"Alderman Logistics",4518.21,0.2,2026-08-01
INV-100449,"Newton Freight",3764.69,0.2,2026-08-02
INV-100450,"Juniper IT Services",731.52,0.2,2026-08-03
INV-100451,"Alderman Logistics",9468.43,0.2,2026-08-04
INV-100452,"Newton Freight",1831.85,0.2,2026-08-05
INV-100453,"Quarryside Aggregates",8377.78,0.2,2026-08-06
INV-100454,"Solstice Energy Partners",856.72,0.2,2026-08-07
INV-100455,"Riverside Maintenance",6824.35,0.2,2026-08-08
INV-100456,"Ironside Security",73.43,0.2,2026-08-09
INV-100457,"Foxglove Catering",5988.13,0.2,2026-08-10
INV-100458,"Pinnacle Consulting",421.08,0.2,2026-08-11
INV-100459,"Newton Freight",8276.74,0.2,2026-08-12
INV-100460,"Harbour Point Packaging",6661.87,0.2,2026-08-13
INV-100461,"Northfield Timber Co",2104.81,0.2,2026-08-14
INV-100462,"Harbour Point Packaging",1503.25,0.2,2026-08-15
INV-100463,"Harbour Point Packaging",1304.48,0.2,2026-08-16
INV-100464,"Delta Facilities Group",1023.32,0.2,2026-08-17
INV-100465,"Kestrel Waste Management",6706.09,0.2,2026-08-18
INV-100466,"Quarryside Aggregates",6304.74,0.2,2026-08-19
INV-100467,"Granite Fleet Services",7671.93,0.2,2026-08-20
INV-100468,"Quarryside Aggregates",6325.05,0.2,2026-08-21
INV-100469,"Kestrel Waste Management",4793.24,0.2,2026-08-22
INV-100470,"Harbour Point Packaging",6510.86,0.2,2026-08-23
INV-100471,"Delta Facilities Group",4492.95,0.2,2026-08-24
INV-100472,"Cascade Office Supplies",5651.98,0.2,2026-08-25
INV-100473,"Granite Fleet Services",6225.61,0.2,2026-08-26
INV-100474,"Juniper IT Services",4928.37,0.2,2026-08-27
INV-100475,"Oakwood Landscaping",3750.28,0.2,2026-08-28
INV-100476,"Kestrel Waste Management",8963.3,0.2,2026-09-01
INV-100477,"Ironside Security",859.37,0.2,2026-09-02
INV-100478,"Granite Fleet Services",6928.7,0.2,2026-09-03
INV-100479,"Kestrel Waste Management",4853.48,0.2,2026-09-04
INV-100480,"Pinnacle Consulting",510.3,0.2,2026-09-05
INV-100481,"Berkshire Print & Signage",8217.77,0.2,2026-09-06
INV-100482,"Berkshire Print & Signage",3260.8,0.2,2026-09-07
INV-100483,"Pinnacle Consulting",5045.74,0.2,2026-09-08
INV-100484,"Kestrel Waste Management",3928.79,0.2,2026-09-09
INV-100485,"Northfield Timber Co",2846.97,0.2,2026-09-10
INV-100486,"Juniper IT Services",9439.88,0.2,2026-09-11
INV-100487,"Quarryside Aggregates",7727.28,0.2,2026-09-12
INV-100488,"Berkshire Print & Signage",3022.41,0.2,2026-09-13
INV-100489,"Solstice Energy Partners",5591.2,0.2,2026-09-14
INV-100490,"Foxglove Catering",3130.32,0.2,2026-09-15
INV-100491,"Solstice Energy Partners",4028.99,0.2,2026-09-16
INV-100492,"Cascade Office Supplies",5013.49,0.2,2026-09-17
INV-100493,"Cascade Office Supplies",1485.21,0.2,2026-09-18
INV-100494,"Larkspur Cleaning Contracts",5833.7,0.2,2026-09-19
INV-100495,"Ironside Security",1231.3,0.2,2026-09-20
INV-100496,"Harbour Point Packaging",8243.33,0.2,2026-09-21
INV-100497,"Everline Electrical",1409.03,0.2,2026-09-22
INV-100498,"Harbour Point Packaging",6391.67,0.2,2026-09-23
INV-100499,"Northfield Timber Co",6627.14,0.2,2026-09-24
INV-100500,"Northfield Timber Co",1209.24,0.2,2026-09-25
INV-100501,"Ironside Security",7413.85,0.2,2026-09-26
INV-100502,"Harbour Point Packaging",164.34,0.2,2026-09-27
INV-100503,"Juniper IT Services",2082.58,0.2,2026-09-28
INV-100504,"Oakwood Landscaping",1229.63,0.2,2026-08-01
INV-100505,"Larkspur Cleaning Contracts",2238.77,0.2,2026-08-02
INV-100506,"Oakwood Landscaping",2202.98,0.2,2026-08-03
INV-100507,"Quarryside Aggregates",3623.46,0.2,2026-08-04
INV-100508,"Newton Freight",8516.74,0.2,2026-08-05
INV-100509,"Alderman Logistics",3380.93,0.2,2026-08-06
INV-100510,"Pinnacle Consulting",1819.15,0.2,2026-08-07
INV-100511,"Quarryside Aggregates",6186.9,0.2,2026-08-08
INV-100512,"Granite Fleet Services",7071.38,0.2,2026-08-09
INV-100513,"Newton Freight",3353.29,0.2,2026-08-10
INV-100514,"Solstice Energy Partners",4462.11,0.2,2026-08-11
INV-100515,"Newton Freight",2473.38,0.2,2026-08-12
INV-100516,"Alderman Logistics",9434.48,0.2,2026-08-13
INV-100517,"Larkspur Cleaning Contracts",2186.95,0.2,2026-08-14
INV-100518,"Granite Fleet Services",9005.17,0.2,2026-08-15
INV-100519,"Everline Electrical",2853.96,0.2,2026-08-16
INV-100520,"Newton Freight",9478.27,0.2,2026-08-17
INV-100521,"Oakwood Landscaping",8971.14,0.2,2026-08-18
INV-100522,"Foxglove Catering",3972.21,0.2,2026-08-19
INV-100523,"Delta Facilities Group",8996.25,0.2,2026-08-20
INV-100524,"Foxglove Catering",462.48,0.2,2026-08-21
INV-100525,"Everline Electrical",4438.7,0.2,2026-08-22
INV-100526,"Kestrel Waste Management",5109.54,0.2,2026-08-23
INV-100527,"Kestrel Waste Management",6147.29,0.2,2026-08-24
INV-100528,"Granite Fleet Services",6954.7,0.2,2026-08-25
INV-100529,"Pinnacle Consulting",5677.66,0.2,2026-08-26
INV-100530,"Everline Electrical",690.73,0.2,2026-08-27
INV-100531,"Granite Fleet Services",6622.04,0.2,2026-08-28
INV-100532,"Larkspur Cleaning Contracts",2756.41,0.2,2026-09-01
INV-100533,"Quarryside Aggregates",6790.54,0.2,2026-09-02
INV-100534,"Pinnacle Consulting",7921.81,0.2,2026-09-03
INV-100535,"Granite Fleet Services",2672.88,0.2,2026-09-04
INV-100536,"Kestrel Waste Management",7022.14,0.2,2026-09-05
INV-100537,"Foxglove Catering",6061.48,0.2,2026-09-06
INV-100538,"Pinnacle Consulting",6496.77,0.2,2026-09-07
INV-100539,"Quarryside Aggregates",4454.9,0.2,2026-09-08
INV-100540,"Solstice Energy Partners",4458.98,0.2,2026-09-09
INV-100541,"Northfield Timber Co",6154.7,0.2,2026-09-10
INV-100542,"Kestrel Waste Management",7799.75,0.2,2026-09-11
INV-100543,"Berkshire Print & Signage",2928.86,0.2,2026-09-12
INV-100544,"Larkspur Cleaning Contracts",9291.66,0.2,2026-09-13
INV-100545,"Northfield Timber Co",6701.57,0.2,2026-09-14
INV-100546,"Quarryside Aggregates",1373.59,0.2,2026-09-15
INV-100547,"Oakwood Landscaping",5181.93,0.2,2026-09-16
INV-100548,"Solstice Energy Partners",45.95,0.2,2026-09-17
INV-100549,"Larkspur Cleaning Contracts",3204.23,0.2,2026-09-18
INV-100550,"Granite Fleet Services",3730.57,0.2,2026-09-19
INV-100551,"Harbour Point Packaging",7440.25,0.2,2026-09-20
INV-100552,"Juniper IT Services",7082.57,0.2,2026-09-21
INV-100553,"Cascade Office Supplies",6279.81,0.2,2026-09-22
INV-100554,"Quarryside Aggregates",8730.09,0.2,2026-09-23
INV-100555,"Ironside Security",4643.77,0.2,2026-09-24
INV-100556,"Berkshire Print & Signage",3157.52,0.2,2026-09-25
INV-100557,"Harbour Point Packaging",1977.9,0.2,2026-09-26
INV-100558,"Harbour Point Packaging",7370.19,0.2,2026-09-27
INV-100559,"Harbour Point Packaging",6011.61,0.2,2026-09-28
INV-100560,"Juniper IT Services",6961.5,0.2,2026-08-01
INV-100561,"Northfield Timber Co",215.53,0.2,2026-08-02
INV-100562,"Newton Freight",2679.82,0.2,2026-08-03
INV-100563,"Harbour Point Packaging",8385.41,0.2,2026-08-04
INV-100564,"Alderman Logistics",101.35,0.2,2026-08-05
INV-100565,"Granite Fleet Services",7523.29,0.2,2026-08-06
INV-100566,"Harbour Point Packaging",1274.08,0.2,2026-08-07
INV-100567,"Foxglove Catering",8808.82,0.2,2026-08-08
INV-100568,"Juniper IT Services",9070.55,0.2,2026-08-09
INV-100569,"Juniper IT Services",7517.38,0.2,2026-08-10
INV-100570,"Solstice Energy Partners",3498.39,0.2,2026-08-11
INV-100571,"Larkspur Cleaning Contracts",676.87,0.2,2026-08-12
INV-100572,"Newton Freight",8844.36,0.2,2026-08-13
INV-100573,"Pinnacle Consulting",999.93,0.2,2026-08-14
INV-100574,"Juniper IT Services",7230.25,0.2,2026-08-15
INV-100575,"Newton Freight",5265.72,0.2,2026-08-16
INV-100576,"Northfield Timber Co",8477.43,0.2,2026-08-17
INV-100577,"Oakwood Landscaping",2848.7,0.2,2026-08-18
INV-100578,"Riverside Maintenance",6055.65,0.2,2026-08-19
INV-100579,"Alderman Logistics",8219.33,0.2,2026-08-20
INV-100580,"Ironside Security",6980.05,0.2,2026-08-21
INV-100581,"Newton Freight",8787.23,0.2,2026-08-22
INV-100582,"Granite Fleet Services",2052.6,0.2,2026-08-23
INV-100583,"Northfield Timber Co",1676.91,0.2,2026-08-24
INV-100584,"Ironside Security",275.81,0.2,2026-08-25
INV-100585,"Delta Facilities Group",1359.54,0.2,2026-08-26
INV-100586,"Juniper IT Services",5113.38,0.2,2026-08-27
INV-100587,"Oakwood Landscaping",768.72,0.2,2026-08-28
INV-100588,"Solstice Energy Partners",6351.95,0.2,2026-09-01
INV-100589,"Kestrel Waste Management",8627.24,0.2,2026-09-02
INV-100590,"Northfield Timber Co",2799.68,0.2,2026-09-03
INV-100591,"Everline Electrical",2596.62,0.2,2026-09-04
INV-100592,"Riverside Maintenance",3748.73,0.2,2026-09-05
INV-100593,"Riverside Maintenance",1993.83,0.2,2026-09-06
INV-100594,"Granite Fleet Services",6794.14,0.2,2026-09-07
INV-100595,"Larkspur Cleaning Contracts",4806.26,0.2,2026-09-08
INV-100596,"Larkspur Cleaning Contracts",426.33,0.2,2026-09-09
INV-100597,"Alderman Logistics",9430.05,0.2,2026-09-10
INV-100598,"Riverside Maintenance",4745,0.2,2026-09-11
INV-100599,"Ironside Security",3370.44,0.2,2026-09-12
INV-100600,"Riverside Maintenance",298.7,0.2,2026-09-13
INV-100601,"Kestrel Waste Management",5533.66,0.2,2026-09-14
INV-100602,"Cascade Office Supplies",1890.42,0.2,2026-09-15
INV-100603,"Harbour Point Packaging",4276.99,0.2,2026-09-16
INV-100604,"Cascade Office Supplies",6615.15,0.2,2026-09-17
INV-100605,"Juniper IT Services",4737.97,0.2,2026-09-18
INV-100606,"Berkshire Print & Signage",6019.47,0.2,2026-09-19
INV-100607,"Kestrel Waste Management",6225.09,0.2,2026-09-20
INV-100608,"Alderman Logistics",7149.9,0.2,2026-09-21
INV-100609,"Alderman Logistics",1028.61,0.2,2026-09-22
INV-100610,"Foxglove Catering",3143.4,0.2,2026-09-23
INV-100611,"Berkshire Print & Signage",993.62,0.2,2026-09-24
INV-100612,"Newton Freight",5782.39,0.2,2026-09-25
INV-100613,"Everline Electrical",8522.58,0.2,2026-09-26
INV-100614,"Alderman Logistics",7824.1,0.2,2026-09-27
INV-100615,"Northfield Timber Co",7909.04,0.2,2026-09-28
INV-100616,"Oakwood Landscaping",211.59,0.2,2026-08-01
INV-100617,"Granite Fleet Services",2896.74,0.2,2026-08-02
INV-100618,"Berkshire Print & Signage",9172.09,0.2,2026-08-03
INV-100619,"Cascade Office Supplies",4235.44,0.2,2026-08-04
INV-100620,"Riverside Maintenance",7408.78,0.2,2026-08-05
INV-100621,"Juniper IT Services",8772.48,0.2,2026-08-06
INV-100622,"Delta Facilities Group",3960.3,0.2,2026-08-07
INV-100623,"Delta Facilities Group",5867.99,0.2,2026-08-08
INV-100624,"Cascade Office Supplies",5837.35,0.2,2026-08-09
INV-100625,"Cascade Office Supplies",7258.25,0.2,2026-08-10
INV-100626,"Newton Freight",7914.84,0.2,2026-08-11
INV-100627,"Northfield Timber Co",6108.19,0.2,2026-08-12
INV-100628,"Newton Freight",3430.96,0.2,2026-08-13
INV-100629,"Foxglove Catering",6340.16,0.2,2026-08-14
INV-100630,"Quarryside Aggregates",8837.03,0.2,2026-08-15
INV-100631,"Pinnacle Consulting",2116.61,0.2,2026-08-16
INV-100632,"Solstice Energy Partners",6292.08,0.2,2026-08-17
INV-100633,"Granite Fleet Services",3619.08,0.2,2026-08-18
INV-100634,"Alderman Logistics",4563.67,0.2,2026-08-19
INV-100635,"Alderman Logistics",5003.96,0.2,2026-08-20
INV-100636,"Foxglove Catering",3719.35,0.2,2026-08-21
INV-100637,"Quarryside Aggregates",8592.33,0.2,2026-08-22
INV-100638,"Berkshire Print & Signage",1984.78,0.2,2026-08-23
INV-100639,"Solstice Energy Partners",6590.17,0.2,2026-08-24
INV-100640,"Alderman Logistics",7533.43,0.2,2026-08-25
INV-100641,"Juniper IT Services",1674.03,0.2,2026-08-26
INV-100642,"Newton Freight",6265.05,0.2,2026-08-27
INV-100643,"Foxglove Catering",5582,0.2,2026-08-28
INV-100644,"Oakwood Landscaping",6628.07,0.2,2026-09-01
INV-100645,"Cascade Office Supplies",7138.65,0.2,2026-09-02
INV-100646,"Delta Facilities Group",4958.33,0.2,2026-09-03
INV-100647,"Solstice Energy Partners",9493.36,0.2,2026-09-04
INV-100648,"Pinnacle Consulting",5811.78,0.2,2026-09-05
INV-100649,"Foxglove Catering",1206.45,0.2,2026-09-06
INV-100650,"Solstice Energy Partners",8327.81,0.2,2026-09-07
INV-100651,"Larkspur Cleaning Contracts",8283.41,0.2,2026-09-08
INV-100652,"Newton Freight",7304.19,0.2,2026-09-09
INV-100653,"Quarryside Aggregates",2711.23,0.2,2026-09-10
INV-100654,"Everline Electrical",5204.54,0.2,2026-09-11
INV-100655,"Larkspur Cleaning Contracts",4242.81,0.2,2026-09-12
INV-100656,"Delta Facilities Group",9212.03,0.2,2026-09-13
INV-100657,"Larkspur Cleaning Contracts",4192.69,0.2,2026-09-14
INV-100658,"Juniper IT Services",1327.99,0.2,2026-09-15
INV-100659,"Granite Fleet Services",992.4,0.2,2026-09-16
INV-100660,"Northfield Timber Co",1502.37,0.2,2026-09-17
INV-100661,"Northfield Timber Co",2189.69,0.2,2026-09-18
INV-100662,"Juniper IT Services",6529.36,0.2,2026-09-19
INV-100663,"Riverside Maintenance",4059.1,0.2,2026-09-20
INV-100664,"Delta Facilities Group",8487.33,0.2,2026-09-21
INV-100665,"Berkshire Print & Signage",8415.05,0.2,2026-09-22
INV-100666,"Juniper IT Services",1682.51,0.2,2026-09-23
INV-100667,"Quarryside Aggregates",4934.87,0.2,2026-09-24
INV-100668,"Solstice Energy Partners",5851.14,0.2,2026-09-25
INV-100669,"Juniper IT Services",203.55,0.2,2026-09-26
INV-100670,"Cascade Office Supplies",5934.76,0.2,2026-09-27
INV-100671,"Larkspur Cleaning Contracts",5259.81,0.2,2026-09-28
INV-100672,"Foxglove Catering",2298.02,0.2,2026-08-01
INV-100673,"Riverside Maintenance",1310.21,0.2,2026-08-02
INV-100674,"Everline Electrical",8826.15,0.2,2026-08-03
INV-100675,"Quarryside Aggregates",7799.25,0.2,2026-08-04
INV-100676,"Granite Fleet Services",2206.09,0.2,2026-08-05
INV-100677,"Alderman Logistics",7127.26,0.2,2026-08-06
INV-100678,"Solstice Energy Partners",8123.58,0.2,2026-08-07
INV-100679,"Pinnacle Consulting",431.45,0.2,2026-08-08
INV-100680,"Everline Electrical",6127.94,0.2,2026-08-09
INV-100681,"Berkshire Print & Signage",3841.59,0.2,2026-08-10
INV-100682,"Oakwood Landscaping",7634.29,0.2,2026-08-11
INV-100683,"Northfield Timber Co",3615.24,0.2,2026-08-12
INV-100684,"Juniper IT Services",5603.6,0.2,2026-08-13
INV-100685,"Larkspur Cleaning Contracts",6211.48,0.2,2026-08-14
INV-100686,"Ironside Security",1295.2,0.2,2026-08-15
INV-100687,"Northfield Timber Co",4854.04,0.2,2026-08-16
INV-100688,"Riverside Maintenance",4029.97,0.2,2026-08-17
INV-100689,"Foxglove Catering",2503.88,0.2,2026-08-18
INV-100690,"Everline Electrical",2097.74,0.2,2026-08-19
INV-100691,"Granite Fleet Services",4312.44,0.2,2026-08-20
INV-100692,"Everline Electrical",95.16,0.2,2026-08-21
INV-100693,"Foxglove Catering",6361.69,0.2,2026-08-22
INV-100694,"Foxglove Catering",1802.22,0.2,2026-08-23
INV-100695,"Solstice Energy Partners",1509.01,0.2,2026-08-24
INV-100696,"Solstice Energy Partners",6115.19,0.2,2026-08-25
INV-100697,"Juniper IT Services",8980.36,0.2,2026-08-26
INV-100698,"Harbour Point Packaging",90.76,0.2,2026-08-27
INV-100699,"Ironside Security",5759.61,0.2,2026-08-28
INV-100700,"Newton Freight",9356.21,0.2,2026-09-01
INV-100701,"Berkshire Print & Signage",127.66,0.2,2026-09-02
INV-100702,"Oakwood Landscaping",961.43,0.2,2026-09-03
INV-100703,"Ironside Security",5753.87,0.2,2026-09-04
INV-100704,"Granite Fleet Services",1865.07,0.2,2026-09-05
INV-100705,"Berkshire Print & Signage",4737.33,0.2,2026-09-06
INV-100706,"Delta Facilities Group",6686.27,0.2,2026-09-07
INV-100707,"Solstice Energy Partners",247.08,0.2,2026-09-08
INV-100708,"Newton Freight",2090.59,0.2,2026-09-09
INV-100709,"Foxglove Catering",5639.33,0.2,2026-09-10
INV-100710,"Delta Facilities Group",7612.57,0.2,2026-09-11
INV-100711,"Solstice Energy Partners",2794.6,0.2,2026-09-12
INV-100712,"Northfield Timber Co",1400.77,0.2,2026-09-13
INV-100713,"Everline Electrical",3612.69,0.2,2026-09-14
INV-100714,"Pinnacle Consulting",5210.8,0.2,2026-09-15
INV-100715,"Kestrel Waste Management",6141.34,0.2,2026-09-16
INV-100716,"Delta Facilities Group",3308.81,0.2,2026-09-17
INV-100717,"Oakwood Landscaping",7093.69,0.2,2026-09-18
INV-100718,"Berkshire Print & Signage",7533.77,0.2,2026-09-19
INV-100719,"Solstice Energy Partners",4508.18,0.2,2026-09-20
INV-100720,"Riverside Maintenance",6107,0.2,2026-09-21
INV-100721,"Newton Freight",7092.98,0.2,2026-09-22
INV-100722,"Foxglove Catering",6326.39,0.2,2026-09-23
INV-100723,"Juniper IT Services",9496.06,0.2,2026-09-24
INV-100724,"Kestrel Waste Management",3077.95,0.2,2026-09-25
INV-100725,"Larkspur Cleaning Contracts",5616.85,0.2,2026-09-26
INV-100726,"Ironside Security",4750.6,0.2,2026-09-27
INV-100727,"Riverside Maintenance",5036.04,0.2,2026-09-28
INV-100728,"Newton Freight",4108.59,0.2,2026-08-01
INV-100729,"Northfield Timber Co",737.64,0.2,2026-08-02
INV-100730,"Riverside Maintenance",1401.03,0.2,2026-08-03
INV-100731,"Berkshire Print & Signage",1454.67,0.2,2026-08-04
INV-100732,"Cascade Office Supplies",3648.25,0.2,2026-08-05
INV-100733,"Granite Fleet Services",5991.29,0.2,2026-08-06
INV-100734,"Alderman Logistics",4842.46,0.2,2026-08-07
INV-100735,"Granite Fleet Services",2979.48,0.2,2026-08-08
INV-100736,"Foxglove Catering",5172.37,0.2,2026-08-09
INV-100737,"Harbour Point Packaging",7985.72,0.2,2026-08-10
INV-100738,"Newton Freight",1070.32,0.2,2026-08-11
INV-100739,"Pinnacle Consulting",3998.62,0.2,2026-08-12
INV-100740,"Ironside Security",4371.19,0.2,2026-08-13
INV-100741,"Pinnacle Consulting",6959.39,0.2,2026-08-14
INV-100742,"Alderman Logistics",4011.44,0.2,2026-08-15
INV-100743,"Riverside Maintenance",9429.19,0.2,2026-08-16
INV-100744,"Delta Facilities Group",6724.31,0.2,2026-08-17
INV-100745,"Berkshire Print & Signage",3404.33,0.2,2026-08-18
INV-100746,"Cascade Office Supplies",1739.48,0.2,2026-08-19
INV-100747,"Quarryside Aggregates",5437.14,0.2,2026-08-20
INV-100748,"Alderman Logistics",1936.31,0.2,2026-08-21
INV-100749,"Berkshire Print & Signage",7966.87,0.2,2026-08-22
INV-100750,"Quarryside Aggregates",1084.49,0.2,2026-08-23
INV-100751,"Berkshire Print & Signage",8331.21,0.2,2026-08-24
INV-100752,"Northfield Timber Co",2116.2,0.2,2026-08-25
INV-100753,"Ironside Security",7442.99,0.2,2026-08-26
INV-100754,"Solstice Energy Partners",7639.23,0.2,2026-08-27
INV-100755,"Riverside Maintenance",1094.65,0.2,2026-08-28
INV-100756,"Newton Freight",2575.11,0.2,2026-09-01
INV-100757,"Kestrel Waste Management",7344.71,0.2,2026-09-02
INV-100758,"Newton Freight",4354.13,0.2,2026-09-03
INV-100759,"Juniper IT Services",1196,0.2,2026-09-04
INV-100760,"Newton Freight",4173.86,0.2,2026-09-05
INV-100761,"Foxglove Catering",6858.19,0.2,2026-09-06
INV-100762,"Kestrel Waste Management",5727.87,0.2,2026-09-07
INV-100763,"Riverside Maintenance",1838.32,0.2,2026-09-08
INV-100764,"Juniper IT Services",4904.97,0.2,2026-09-09
INV-100765,"Oakwood Landscaping",4021.22,0.2,2026-09-10
INV-100766,"Everline Electrical",8802.83,0.2,2026-09-11
INV-100767,"Kestrel Waste Management",7530.89,0.2,2026-09-12
INV-100768,"Quarryside Aggregates",4218.08,0.2,2026-09-13
INV-100769,"Granite Fleet Services",6957.07,0.2,2026-09-14
INV-100770,"Ironside Security",5200.62,0.2,2026-09-15
INV-100771,"Solstice Energy Partners",4846.74,0.2,2026-09-16
INV-100772,"Newton Freight",8951.5,0.2,2026-09-17
INV-100773,"Ironside Security",6026.79,0.2,2026-09-18
INV-100774,"Quarryside Aggregates",6566.63,0.2,2026-09-19
INV-100775,"Riverside Maintenance",5187.41,0.2,2026-09-20
INV-100776,"Everline Electrical",2380.26,0.2,2026-09-21
INV-100777,"Riverside Maintenance",9066.94,0.2,2026-09-22
INV-100778,"Riverside Maintenance",2509.04,0.2,2026-09-23
INV-100779,"Berkshire Print & Signage",2426.47,0.2,2026-09-24
INV-100780,"Ironside Security",4351.2,0.2,2026-09-25
INV-100781,"Berkshire Print & Signage",2352.34,0.2,2026-09-26
INV-100782,"Ironside Security",2508.82,0.2,2026-09-27
INV-100783,"Riverside Maintenance",9436.95,0.2,2026-09-28
INV-100784,"Ironside Security",490.6,0.2,2026-08-01
INV-100785,"Juniper IT Services",1908.34,0.2,2026-08-02
INV-100786,"Foxglove Catering",7082.43,0.2,2026-08-03
INV-100787,"Berkshire Print & Signage",5976.7,0.2,2026-08-04
INV-100788,"Riverside Maintenance",981.81,0.2,2026-08-05
INV-100789,"Oakwood Landscaping",1480.31,0.2,2026-08-06
INV-100790,"Alderman Logistics",3591.53,0.2,2026-08-07
INV-100791,"Cascade Office Supplies",5330.99,0.2,2026-08-08
INV-100792,"Delta Facilities Group",7272.94,0.2,2026-08-09
INV-100793,"Harbour Point Packaging",2143.67,0.2,2026-08-10
INV-100794,"Berkshire Print & Signage",164.18,0.2,2026-08-11
INV-100795,"Alderman Logistics",2190.78,0.2,2026-08-12
INV-100796,"Pinnacle Consulting",7680.78,0.2,2026-08-13
INV-100797,"Ironside Security",339.08,0.2,2026-08-14
INV-100798,"Riverside Maintenance",4497.59,0.2,2026-08-15
INV-100799,"Solstice Energy Partners",4388.4,0.2,2026-08-16
INV-100800,"Everline Electrical",8093.32,0.2,2026-08-17
INV-100801,"Larkspur Cleaning Contracts",2230.32,0.2,2026-08-18
INV-100802,"Juniper IT Services",5338.52,0.2,2026-08-19
INV-100803,"Granite Fleet Services",6194.53,0.2,2026-08-20
INV-100804,"Pinnacle Consulting",1833.52,0.2,2026-08-21
INV-100805,"Solstice Energy Partners",4747.47,0.2,2026-08-22
INV-100806,"Solstice Energy Partners",9320.26,0.2,2026-08-23
INV-100807,"Ironside Security",4225.22,0.2,2026-08-24
INV-100808,"Oakwood Landscaping",2512.68,0.2,2026-08-25
INV-100809,"Juniper IT Services",9206.52,0.2,2026-08-26
INV-100810,"Everline Electrical",8074.34,0.2,2026-08-27
INV-100811,"Newton Freight",6461.08,0.2,2026-08-28
INV-100812,"Quarryside Aggregates",3286.66,0.2,2026-09-01
INV-100813,"Oakwood Landscaping",6807.36,0.2,2026-09-02
INV-100814,"Kestrel Waste Management",7253.34,0.2,2026-09-03
INV-100815,"Newton Freight",5878.9,0.2,2026-09-04
INV-100816,"Pinnacle Consulting",2322.37,0.2,2026-09-05
INV-100817,"Foxglove Catering",4359.78,0.2,2026-09-06
INV-100818,"Cascade Office Supplies",9373.45,0.2,2026-09-07
INV-100819,"Cascade Office Supplies",9393.49,0.2,2026-09-08
INV-100820,"Everline Electrical",3070.02,0.2,2026-09-09
INV-100821,"Delta Facilities Group",1264.26,0.2,2026-09-10
INV-100822,"Newton Freight",8960.2,0.2,2026-09-11
INV-100823,"Everline Electrical",2974.58,0.2,2026-09-12
INV-100824,"Granite Fleet Services",4834.58,0.2,2026-09-13
INV-100825,"Harbour Point Packaging",4386.51,0.2,2026-09-14
INV-100826,"Ironside Security",4885.37,0.2,2026-09-15
INV-100827,"Larkspur Cleaning Contracts",975.88,0.2,2026-09-16
INV-100828,"Alderman Logistics",8214.24,0.2,2026-09-17
INV-100829,"Newton Freight",5930.56,0.2,2026-09-18
INV-100830,"Kestrel Waste Management",2781.98,0.2,2026-09-19
INV-100831,"Solstice Energy Partners",2065.37,0.2,2026-09-20
INV-100832,"Larkspur Cleaning Contracts",7294.1,0.2,2026-09-21
INV-100833,"Harbour Point Packaging",4071.66,0.2,2026-09-22
INV-100834,"Newton Freight",8691.38,0.2,2026-09-23
INV-100835,"Oakwood Landscaping",7338.6,0.2,2026-09-24
INV-100836,"Kestrel Waste Management",8053.47,0.2,2026-09-25
INV-100837,"Ironside Security",8444.41,0.2,2026-09-26
INV-100838,"Riverside Maintenance",430.27,0.2,2026-09-27
INV-100839,"Solstice Energy Partners",2559.38,0.2,2026-09-28
INV-100840,"Juniper IT Services",8488.02,0.2,2026-08-01
INV-100841,"Larkspur Cleaning Contracts",7839.99,0.2,2026-08-02
INV-100842,"Larkspur Cleaning Contracts",2540.72,0.2,2026-08-03
INV-100843,"Kestrel Waste Management",2002.9,0.2,2026-08-04
INV-100844,"Quarryside Aggregates",4275.71,0.2,2026-08-05
INV-100845,"Riverside Maintenance",6092.87,0.2,2026-08-06
INV-100846,"Juniper IT Services",8108.43,0.2,2026-08-07
INV-100847,"Berkshire Print & Signage",6887.72,0.2,2026-08-08
INV-100848,"Delta Facilities Group",4416.92,0.2,2026-08-09
INV-100849,"Oakwood Landscaping",382.13,0.2,2026-08-10
INV-100850,"Pinnacle Consulting",8598.86,0.2,2026-08-11
INV-100851,"Juniper IT Services",5591.83,0.2,2026-08-12
INV-100852,"Delta Facilities Group",3724.03,0.2,2026-08-13
INV-100853,"Granite Fleet Services",6026.58,0.2,2026-08-14
INV-100854,"Foxglove Catering",4712.48,0.2,2026-08-15
INV-100855,"Riverside Maintenance",7603.92,0.2,2026-08-16
INV-100856,"Solstice Energy Partners",1428.85,0.2,2026-08-17
INV-100857,"Northfield Timber Co",188.89,0.2,2026-08-18
INV-100858,"Everline Electrical",9352.57,0.2,2026-08-19
INV-100859,"Foxglove Catering",6814.48,0.2,2026-08-20
INV-100860,"Riverside Maintenance",626.86,0.2,2026-08-21
INV-100861,"Berkshire Print & Signage",5196.18,0.2,2026-08-22
INV-100862,"Solstice Energy Partners",151.68,0.2,2026-08-23
INV-100863,"Newton Freight",708.85,0.2,2026-08-24
INV-100864,"Berkshire Print & Signage",9017.41,0.2,2026-08-25
INV-100865,"Juniper IT Services",821.86,0.2,2026-08-26
INV-100866,"Granite Fleet Services",2081.53,0.2,2026-08-27
INV-100867,"Juniper IT Services",4224.09,0.2,2026-08-28
INV-100868,"Granite Fleet Services",6350.31,0.2,2026-09-01
INV-100869,"Juniper IT Services",5436.6,0.2,2026-09-02
INV-100870,"Ironside Security",6628.02,0.2,2026-09-03
INV-100871,"Oakwood Landscaping",3969.26,0.2,2026-09-04
INV-100872,"Solstice Energy Partners",5294.65,0.2,2026-09-05
INV-100873,"Northfield Timber Co",8943.01,0.2,2026-09-06
INV-100874,"Delta Facilities Group",6718.47,0.2,2026-09-07
INV-100875,"Delta Facilities Group",3220,0.2,2026-09-08
INV-100876,"Alderman Logistics",9343.85,0.2,2026-09-09
INV-100877,"Everline Electrical",6229.75,0.2,2026-09-10
INV-100878,"Quarryside Aggregates",5640.19,0.2,2026-09-11
INV-100879,"Harbour Point Packaging",111.97,0.2,2026-09-12
INV-100880,"Everline Electrical",7610.8,0.2,2026-09-13
INV-100881,"Riverside Maintenance",1784.96,0.2,2026-09-14
INV-100882,"Foxglove Catering",2497.6,0.2,2026-09-15
INV-100883,"Kestrel Waste Management",6289.59,0.2,2026-09-16
INV-100884,"Granite Fleet Services",5340.53,0.2,2026-09-17
INV-100885,"Cascade Office Supplies",8392.07,0.2,2026-09-18
INV-100886,"Kestrel Waste Management",6919.83,0.2,2026-09-19
INV-100887,"Harbour Point Packaging",7548.89,0.2,2026-09-20
INV-100888,"Newton Freight",9092.54,0.2,2026-09-21
INV-100889,"Everline Electrical",5462.01,0.2,2026-09-22
INV-100890,"Granite Fleet Services",6075.8,0.2,2026-09-23
INV-100891,"Ironside Security",1905.56,0.2,2026-09-24
INV-100892,"Alderman Logistics",7701.58,0.2,2026-09-25
INV-100893,"Newton Freight",3451.14,0.2,2026-09-26
INV-100894,"Kestrel Waste Management",6382.92,0.2,2026-09-27
INV-100895,"Granite Fleet Services",2459.33,0.2,2026-09-28
INV-100896,"Harbour Point Packaging",1961.33,0.2,2026-08-01
INV-100897,"Oakwood Landscaping",7240.35,0.2,2026-08-02
INV-100898,"Foxglove Catering",6923.58,0.2,2026-08-03
INV-100899,"Berkshire Print & Signage",1805.35,0.2,2026-08-04
INV-100900,"Solstice Energy Partners",8233.33,0.2,2026-08-05
INV-100901,"Berkshire Print & Signage",4700.97,0.2,2026-08-06
INV-100902,"Newton Freight",6807.23,0.2,2026-08-07
INV-100903,"Riverside Maintenance",5396.05,0.2,2026-08-08
INV-100904,"Granite Fleet Services",1756.63,0.2,2026-08-09
INV-100905,"Solstice Energy Partners",996.16,0.2,2026-08-10
INV-100906,"Berkshire Print & Signage",51.34,0.2,2026-08-11
INV-100907,"Delta Facilities Group",6729.25,0.2,2026-08-12
INV-100908,"Harbour Point Packaging",5478.51,0.2,2026-08-13
INV-100909,"Harbour Point Packaging",9471.44,0.2,2026-08-14
INV-100910,"Kestrel Waste Management",6757.53,0.2,2026-08-15
INV-100911,"Pinnacle Consulting",1199.21,0.2,2026-08-16
INV-100912,"Ironside Security",4963.68,0.2,2026-08-17
INV-100913,"Newton Freight",5332.1,0.2,2026-08-18
INV-100914,"Larkspur Cleaning Contracts",5546.03,0.2,2026-08-19
INV-100915,"Harbour Point Packaging",3927.32,0.2,2026-08-20
INV-100916,"Northfield Timber Co",8111.3,0.2,2026-08-21
INV-100917,"Larkspur Cleaning Contracts",2279.51,0.2,2026-08-22
INV-100918,"Harbour Point Packaging",2260.05,0.2,2026-08-23
INV-100919,"Newton Freight",2667.69,0.2,2026-08-24
INV-100920,"Kestrel Waste Management",7354.73,0.2,2026-08-25
INV-100921,"Larkspur Cleaning Contracts",2382.18,0.2,2026-08-26
INV-100922,"Delta Facilities Group",6008.16,0.2,2026-08-27
INV-100923,"Granite Fleet Services",8769.85,0.2,2026-08-28
INV-100924,"Berkshire Print & Signage",4440.46,0.2,2026-09-01
INV-100925,"Berkshire Print & Signage",7257.85,0.2,2026-09-02
INV-100926,"Quarryside Aggregates",5351.71,0.2,2026-09-03
INV-100927,"Pinnacle Consulting",4527.81,0.2,2026-09-04
INV-100928,"Everline Electrical",5611.77,0.2,2026-09-05
INV-100929,"Everline Electrical",3138.47,0.2,2026-09-06
INV-100930,"Delta Facilities Group",3285.42,0.2,2026-09-07
INV-100931,"Everline Electrical",3675.06,0.2,2026-09-08
INV-100932,"Delta Facilities Group",4661.66,0.2,2026-09-09
INV-100933,"Northfield Timber Co",4457.83,0.2,2026-09-10
INV-100934,"Cascade Office Supplies",3978.95,0.2,2026-09-11
INV-100935,"Oakwood Landscaping",2690.46,0.2,2026-09-12
INV-100936,"Quarryside Aggregates",7081.13,0.2,2026-09-13
INV-100937,"Kestrel Waste Management",634.09,0.2,2026-09-14
INV-100938,"Cascade Office Supplies",7920.79,0.2,2026-09-15
INV-100939,"Juniper IT Services",4200.39,0.2,2026-09-16
INV-100940,"Ironside Security",7474.82,0.2,2026-09-17
INV-100941,"Northfield Timber Co",1338.85,0.2,2026-09-18
INV-100942,"Oakwood Landscaping",2531.15,0.2,2026-09-19
INV-100943,"Ironside Security",7102.53,0.2,2026-09-20
INV-100944,"Pinnacle Consulting",3528.6,0.2,2026-09-21
INV-100945,"Solstice Energy Partners",1951.14,0.2,2026-09-22
INV-100946,"Pinnacle Consulting",5350.07,0.2,2026-09-23
INV-100947,"Northfield Timber Co",9391.51,0.2,2026-09-24
INV-100948,"Cascade Office Supplies",8579.2,0.2,2026-09-25
INV-100949,"Solstice Energy Partners",1822.22,0.2,2026-09-26
INV-100950,"Ironside Security",3924.53,0.2,2026-09-27
INV-100951,"Riverside Maintenance",8168.78,0.2,2026-09-28
INV-100952,"Pinnacle Consulting",6891.12,0.2,2026-08-01
INV-100953,"Larkspur Cleaning Contracts",9102.38,0.2,2026-08-02
INV-100954,"Harbour Point Packaging",6264.73,0.2,2026-08-03
INV-100955,"Larkspur Cleaning Contracts",6835.25,0.2,2026-08-04
INV-100956,"Newton Freight",8514.8,0.2,2026-08-05
INV-100957,"Ironside Security",3967.22,0.2,2026-08-06
INV-100958,"Riverside Maintenance",3471.92,0.2,2026-08-07
INV-100959,"Solstice Energy Partners",8096.41,0.2,2026-08-08
INV-100960,"Newton Freight",1764.26,0.2,2026-08-09
INV-100961,"Alderman Logistics",2701.67,0.2,2026-08-10
INV-100962,"Harbour Point Packaging",7142.34,0.2,2026-08-11
INV-100963,"Cascade Office Supplies",4972.69,0.2,2026-08-12
INV-100964,"Kestrel Waste Management",3299.18,0.2,2026-08-13
INV-100965,"Kestrel Waste Management",7289.83,0.2,2026-08-14
INV-100966,"Delta Facilities Group",1141.92,0.2,2026-08-15
INV-100967,"Solstice Energy Partners",6989.18,0.2,2026-08-16
INV-100968,"Cascade Office Supplies",1640.81,0.2,2026-08-17
INV-100969,"Cascade Office Supplies",1116.57,0.2,2026-08-18
INV-100970,"Everline Electrical",3519.57,0.2,2026-08-19
INV-100971,"Granite Fleet Services",6673.18,0.2,2026-08-20
INV-100972,"Riverside Maintenance",3569.11,0.2,2026-08-21
INV-100973,"Meridian Supplies Ltd",2330.5,0.2,2026-08-22
INV-100974,"Pinnacle Consulting",2639.51,0.2,2026-08-23
INV-100975,"Quarryside Aggregates",5074.3,0.2,2026-08-24
INV-100976,"Oakwood Landscaping",6680.22,0.2,2026-08-25
INV-100977,"Quarryside Aggregates",4682.77,0.2,2026-08-26
INV-100978,"Larkspur Cleaning Contracts",3854.15,0.2,2026-08-27
INV-100979,"Ironside Security",8372.31,0.2,2026-08-28
INV-100980,"Alderman Logistics",1120.78,0.2,2026-09-01
INV-100981,"Quarryside Aggregates",7237.76,0.2,2026-09-02
INV-100982,"Alderman Logistics",3672.72,0.2,2026-09-03
INV-100983,"Delta Facilities Group",8343.36,0.2,2026-09-04
INV-100984,"Harbour Point Packaging",3848.34,0.2,2026-09-05
INV-100985,"Harbour Point Packaging",1817.11,0.2,2026-09-06
INV-100986,"Everline Electrical",4751.32,0.2,2026-09-07
INV-100987,"Alderman Logistics",4885.72,0.2,2026-09-08
INV-100988,"Harbour Point Packaging",5550.17,0.2,2026-09-09
INV-100989,"Larkspur Cleaning Contracts",351.01,0.2,2026-09-10
INV-100990,"Cascade Office Supplies",7802.22,0.2,2026-09-11
INV-100991,"Riverside Maintenance",1105.41,0.2,2026-09-12
INV-100992,"Riverside Maintenance",3160.66,0.2,2026-09-13
INV-100993,"Newton Freight",7900.03,0.2,2026-09-14
INV-100994,"Kestrel Waste Management",6311.45,0.2,2026-09-15
INV-100995,"Cascade Office Supplies",7986.79,0.2,2026-09-16
INV-100996,"Everline Electrical",3874.89,0.2,2026-09-17
INV-100997,"Larkspur Cleaning Contracts",9468.25,0.2,2026-09-18
INV-100998,"Granite Fleet Services",6790.59,0.2,2026-09-19
INV-100999,"Kestrel Waste Management",2499.85,0.2,2026-09-20
INV-101000,"Foxglove Catering",6118.24,0.2,2026-09-21
INV-101001,"Juniper IT Services",2266.89,0.2,2026-09-22
INV-101002,"Riverside Maintenance",5471.16,0.2,2026-09-23
INV-101003,"Pinnacle Consulting",1533.16,0.2,2026-09-24
INV-101004,"Larkspur Cleaning Contracts",9249.56,0.2,2026-09-25
INV-101005,"Foxglove Catering",7834.06,0.2,2026-09-26
INV-101006,"Everline Electrical",7816.65,0.2,2026-09-27
INV-101007,"Delta Facilities Group",4601.35,0.2,2026-09-28
INV-101008,"Ironside Security",7428.29,0.2,2026-08-01
INV-101009,"Foxglove Catering",525.94,0.2,2026-08-02
INV-101010,"Pinnacle Consulting",9145.4,0.2,2026-08-03
INV-101011,"Pinnacle Consulting",7863.53,0.2,2026-08-04
INV-101012,"Everline Electrical",3792.25,0.2,2026-08-05
INV-101013,"Cascade Office Supplies",7873,0.2,2026-08-06
INV-101014,"Ironside Security",8580.74,0.2,2026-08-07
INV-101015,"Solstice Energy Partners",1359.01,0.2,2026-08-08
INV-101016,"Foxglove Catering",8882.23,0.2,2026-08-09
INV-101017,"Pinnacle Consulting",1878.5,0.2,2026-08-10
INV-101018,"Quarryside Aggregates",103.63,0.2,2026-08-11
INV-101019,"Foxglove Catering",2178.95,0.2,2026-08-12
INV-101020,"Harbour Point Packaging",374.38,0.2,2026-08-13
INV-101021,"Cascade Office Supplies",8813.45,0.2,2026-08-14
INV-101022,"Newton Freight",1730.9,0.2,2026-08-15
INV-101023,"Berkshire Print & Signage",8216.77,0.2,2026-08-16
INV-101024,"Quarryside Aggregates",8891,0.2,2026-08-17
INV-101025,"Harbour Point Packaging",6220.08,0.2,2026-08-18
INV-101026,"Riverside Maintenance",803.35,0.2,2026-08-19
INV-101027,"Berkshire Print & Signage",7739.56,0.2,2026-08-20
INV-101028,"Juniper IT Services",3760.09,0.2,2026-08-21
INV-101029,"Newton Freight",3278.3,0.2,2026-08-22
INV-101030,"Newton Freight",4630.06,0.2,2026-08-23
INV-101031,"Newton Freight",5363.41,0.2,2026-08-24
INV-101032,"Quarryside Aggregates",6553.32,0.2,2026-08-25
INV-101033,"Foxglove Catering",1312.14,0.2,2026-08-26
INV-101034,"Kestrel Waste Management",4050.43,0.2,2026-08-27
INV-101035,"Granite Fleet Services",8117.47,0.2,2026-08-28
INV-101036,"Larkspur Cleaning Contracts",2476.25,0.2,2026-09-01
INV-101037,"Northfield Timber Co",4802.94,0.2,2026-09-02
INV-101038,"Oakwood Landscaping",6118.9,0.2,2026-09-03
INV-101039,"Juniper IT Services",5743,0.2,2026-09-04
INV-101040,"Larkspur Cleaning Contracts",8391.68,0.2,2026-09-05
INV-101041,"Foxglove Catering",3005.51,0.2,2026-09-06
INV-101042,"Everline Electrical",2073.99,0.2,2026-09-07
INV-101043,"Alderman Logistics",9420.48,0.2,2026-09-08
INV-101044,"Granite Fleet Services",382.53,0.2,2026-09-09
INV-101045,"Foxglove Catering",5898.94,0.2,2026-09-10
INV-101046,"Harbour Point Packaging",4996.63,0.2,2026-09-11
INV-101047,"Kestrel Waste Management",5968.39,0.2,2026-09-12
INV-101048,"Larkspur Cleaning Contracts",5169.9,0.2,2026-09-13
INV-101049,"Granite Fleet Services",7188.81,0.2,2026-09-14
INV-101050,"Alderman Logistics",3806.97,0.2,2026-09-15
INV-101051,"Delta Facilities Group",2335.8,0.2,2026-09-16
INV-101052,"Alderman Logistics",4872.84,0.2,2026-09-17
INV-101053,"Delta Facilities Group",3133.41,0.2,2026-09-18
INV-101054,"Newton Freight",6493.01,0.2,2026-09-19
INV-101055,"Pinnacle Consulting",8144.38,0.2,2026-09-20
INV-101056,"Juniper IT Services",9226.51,0.2,2026-09-21
INV-101057,"Harbour Point Packaging",2540.67,0.2,2026-09-22
INV-101058,"Granite Fleet Services",449.67,0.2,2026-09-23
INV-101059,"Foxglove Catering",8879.7,0.2,2026-09-24
INV-101060,"Cascade Office Supplies",6663.39,0.2,2026-09-25
INV-101061,"Delta Facilities Group",4228.06,0.2,2026-09-26
INV-101062,"Everline Electrical",2797.51,0.2,2026-09-27
INV-101063,"Solstice Energy Partners",400.25,0.2,2026-09-28
INV-101064,"Kestrel Waste Management",3321.91,0.2,2026-08-01
INV-101065,"Kestrel Waste Management",3028.69,0.2,2026-08-02
INV-101066,"Northfield Timber Co",414,0.2,2026-08-03
INV-101067,"Cascade Office Supplies",7484.56,0.2,2026-08-04
INV-101068,"Everline Electrical",947.18,0.2,2026-08-05
INV-101069,"Foxglove Catering",8384.94,0.2,2026-08-06
INV-101070,"Northfield Timber Co",5192.73,0.2,2026-08-07
INV-101071,"Foxglove Catering",1411.26,0.2,2026-08-08
INV-101072,"Delta Facilities Group",3957.14,0.2,2026-08-09
INV-101073,"Solstice Energy Partners",8336.8,0.2,2026-08-10
INV-101074,"Quarryside Aggregates",5907.73,0.2,2026-08-11
INV-101075,"Alderman Logistics",1890.1,0.2,2026-08-12
INV-101076,"Quarryside Aggregates",4590.92,0.2,2026-08-13
INV-101077,"Riverside Maintenance",4739.76,0.2,2026-08-14
INV-101078,"Kestrel Waste Management",6586.47,0.2,2026-08-15
INV-101079,"Alderman Logistics",9415.08,0.2,2026-08-16
INV-101080,"Berkshire Print & Signage",152.76,0.2,2026-08-17
INV-101081,"Berkshire Print & Signage",9128.64,0.2,2026-08-18
INV-101082,"Kestrel Waste Management",1207.44,0.2,2026-08-19
INV-101083,"Ironside Security",7815.62,0.2,2026-08-20
INV-101084,"Riverside Maintenance",245.93,0.2,2026-08-21
INV-101085,"Northfield Timber Co",6723.89,0.2,2026-08-22
INV-101086,"Delta Facilities Group",8204.94,0.2,2026-08-23
INV-101087,"Ironside Security",2460.95,0.2,2026-08-24
INV-101088,"Alderman Logistics",4167.62,0.2,2026-08-25
INV-101089,"Delta Facilities Group",6650.33,0.2,2026-08-26
INV-101090,"Northfield Timber Co",5735.83,0.2,2026-08-27
INV-101091,"Foxglove Catering",8432.19,0.2,2026-08-28
INV-101092,"Oakwood Landscaping",3383.44,0.2,2026-09-01
INV-101093,"Larkspur Cleaning Contracts",5461.61,0.2,2026-09-02
INV-101094,"Kestrel Waste Management",1625.78,0.2,2026-09-03
INV-101095,"Northfield Timber Co",306.82,0.2,2026-09-04
INV-101096,"Solstice Energy Partners",6155.96,0.2,2026-09-05
INV-101097,"Northfield Timber Co",2674.07,0.2,2026-09-06
INV-101098,"Berkshire Print & Signage",3700.53,0.2,2026-09-07
INV-101099,"Juniper IT Services",3509.56,0.2,2026-09-08
INV-101100,"Riverside Maintenance",8885.1,0.2,2026-09-09
INV-101101,"Berkshire Print & Signage",6610.42,0.2,2026-09-10
INV-101102,"Cascade Office Supplies",8328.59,0.2,2026-09-11
INV-101103,"Solstice Energy Partners",3248.92,0.2,2026-09-12
INV-101104,"Kestrel Waste Management",102.03,0.2,2026-09-13
INV-101105,"Newton Freight",2374.93,0.2,2026-09-14
INV-101106,"Granite Fleet Services",575.4,0.2,2026-09-15
INV-101107,"Foxglove Catering",3594.2,0.2,2026-09-16
INV-101108,"Northfield Timber Co",8048.99,0.2,2026-09-17
INV-101109,"Solstice Energy Partners",5704.36,0.2,2026-09-18
INV-101110,"Berkshire Print & Signage",2199.74,0.2,2026-09-19
INV-101111,"Granite Fleet Services",1280.44,0.2,2026-09-20
INV-101112,"Pinnacle Consulting",7984.71,0.2,2026-09-21
INV-101113,"Delta Facilities Group",5358.19,0.2,2026-09-22
INV-101114,"Berkshire Print & Signage",8611.71,0.2,2026-09-23
INV-101115,"Quarryside Aggregates",7335.03,0.2,2026-09-24
INV-101116,"Solstice Energy Partners",4554.61,0.2,2026-09-25
INV-101117,"Riverside Maintenance",489.43,0.2,2026-09-26
INV-101118,"Larkspur Cleaning Contracts",1429.4,0.2,2026-09-27
INV-101119,"Riverside Maintenance",1875.89,0.2,2026-09-28
INV-101120,"Harbour Point Packaging",4703.57,0.2,2026-08-01
INV-101121,"Juniper IT Services",9142.68,0.2,2026-08-02
INV-101122,"Berkshire Print & Signage",3231.75,0.2,2026-08-03
INV-101123,"Oakwood Landscaping",2183.15,0.2,2026-08-04
INV-101124,"Pinnacle Consulting",1478.25,0.2,2026-08-05
INV-101125,"Riverside Maintenance",6213.55,0.2,2026-08-06
INV-101126,"Riverside Maintenance",1609.38,0.2,2026-08-07
INV-101127,"Delta Facilities Group",736.52,0.2,2026-08-08
INV-101128,"Oakwood Landscaping",684.49,0.2,2026-08-09
INV-101129,"Berkshire Print & Signage",7892.14,0.2,2026-08-10
INV-101130,"Northfield Timber Co",1630.5,0.2,2026-08-11
INV-101131,"Solstice Energy Partners",2610.26,0.2,2026-08-12
INV-101132,"Cascade Office Supplies",7394.91,0.2,2026-08-13
INV-101133,"Oakwood Landscaping",77.91,0.2,2026-08-14
INV-101134,"Cascade Office Supplies",2173.36,0.2,2026-08-15
INV-101135,"Larkspur Cleaning Contracts",5501.82,0.2,2026-08-16
INV-101136,"Delta Facilities Group",7174.29,0.2,2026-08-17
INV-101137,"Northfield Timber Co",735.25,0.2,2026-08-18
INV-101138,"Everline Electrical",2052.25,0.2,2026-08-19
INV-101139,"Delta Facilities Group",7725.96,0.2,2026-08-20
INV-101140,"Kestrel Waste Management",9122.74,0.2,2026-08-21
INV-101141,"Quarryside Aggregates",3036.29,0.2,2026-08-22
INV-101142,"Berkshire Print & Signage",1983.73,0.2,2026-08-23
INV-101143,"Delta Facilities Group",6398.88,0.2,2026-08-24
INV-101144,"Foxglove Catering",6656.36,0.2,2026-08-25
INV-101145,"Northfield Timber Co",9064.73,0.2,2026-08-26
INV-101146,"Everline Electrical",2266.17,0.2,2026-08-27
INV-101147,"Cascade Office Supplies",4773.21,0.2,2026-08-28
INV-101148,"Larkspur Cleaning Contracts",8476,0.2,2026-09-01
INV-101149,"Oakwood Landscaping",8767.86,0.2,2026-09-02
INV-101150,"Juniper IT Services",1451.03,0.2,2026-09-03
INV-101151,"Ironside Security",4767.96,0.2,2026-09-04
INV-101152,"Alderman Logistics",3048.52,0.2,2026-09-05
INV-101153,"Ironside Security",8664.09,0.2,2026-09-06
INV-101154,"Riverside Maintenance",7785.54,0.2,2026-09-07
INV-101155,"Alderman Logistics",9210.94,0.2,2026-09-08
INV-101156,"Kestrel Waste Management",4457.71,0.2,2026-09-09
INV-101157,"Delta Facilities Group",3867.15,0.2,2026-09-10
INV-101158,"Foxglove Catering",8862.86,0.2,2026-09-11
INV-101159,"Everline Electrical",5910.67,0.2,2026-09-12
INV-101160,"Ironside Security",6042.43,0.2,2026-09-13
INV-101161,"Newton Freight",7974.27,0.2,2026-09-14
INV-101162,"Solstice Energy Partners",4779.37,0.2,2026-09-15
INV-101163,"Solstice Energy Partners",5645.15,0.2,2026-09-16
INV-101164,"Delta Facilities Group",7553.02,0.2,2026-09-17
INV-101165,"Quarryside Aggregates",3567.76,0.2,2026-09-18
INV-101166,"Everline Electrical",6023.44,0.2,2026-09-19
INV-101167,"Juniper IT Services",6202.69,0.2,2026-09-20
INV-101168,"Riverside Maintenance",4133.07,0.2,2026-09-21
INV-101169,"Ironside Security",8139.26,0.2,2026-09-22
INV-101170,"Ironside Security",3740.93,0.2,2026-09-23
INV-101171,"Larkspur Cleaning Contracts",2071.75,0.2,2026-09-24
INV-101172,"Kestrel Waste Management",8935.25,0.2,2026-09-25
INV-101173,"Newton Freight",3915.85,0.2,2026-09-26
INV-101174,"Ironside Security",1424.75,0.2,2026-09-27
INV-101175,"Harbour Point Packaging",4527.7,0.2,2026-09-28
INV-101176,"Delta Facilities Group",9308.92,0.2,2026-08-01
INV-101177,"Granite Fleet Services",1821.09,0.2,2026-08-02
INV-101178,"Berkshire Print & Signage",3473.58,0.2,2026-08-03
INV-101179,"Oakwood Landscaping",3631.43,0.2,2026-08-04
INV-101180,"Alderman Logistics",1315.45,0.2,2026-08-05
INV-101181,"Juniper IT Services",6434.96,0.2,2026-08-06
INV-101182,"Cascade Office Supplies",8181.89,0.2,2026-08-07
INV-101183,"Foxglove Catering",8586.99,0.2,2026-08-08
INV-101184,"Newton Freight",5405.56,0.2,2026-08-09
INV-101185,"Granite Fleet Services",1205.57,0.2,2026-08-10
INV-101186,"Solstice Energy Partners",2793.5,0.2,2026-08-11
INV-101187,"Foxglove Catering",5964.32,0.2,2026-08-12
INV-101188,"Juniper IT Services",4621.89,0.2,2026-08-13
INV-101189,"Newton Freight",545.75,0.2,2026-08-14
INV-101190,"Larkspur Cleaning Contracts",6106.53,0.2,2026-08-15
INV-101191,"Kestrel Waste Management",9166.77,0.2,2026-08-16
INV-101192,"Kestrel Waste Management",2430.13,0.2,2026-08-17
INV-101193,"Pinnacle Consulting",7582.69,0.2,2026-08-18
INV-101194,"Quarryside Aggregates",5820.64,0.2,2026-08-19
INV-101195,"Solstice Energy Partners",3510.97,0.2,2026-08-20
INV-101196,"Juniper IT Services",539.21,0.2,2026-08-21
INV-101197,"Northfield Timber Co",4690.77,0.2,2026-08-22
INV-101198,"Foxglove Catering",5974.34,0.2,2026-08-23
INV-101199,"Cascade Office Supplies",8362.16,0.2,2026-08-24
INV-101200,"Larkspur Cleaning Contracts",5224.83,0.2,2026-08-25
INV-101201,"Foxglove Catering",3318.19,0.2,2026-08-26
INV-101202,"Kestrel Waste Management",3367.36,0.2,2026-08-27
INV-101203,"Solstice Energy Partners",1066.37,0.2,2026-08-28
INV-101204,"Oakwood Landscaping",2491.22,0.2,2026-09-01
INV-101205,"Oakwood Landscaping",241.97,0.2,2026-09-02
INV-101206,"Alderman Logistics",5015.32,0.2,2026-09-03
INV-101207,"Pinnacle Consulting",5018.53,0.2,2026-09-04
INV-101208,"Solstice Energy Partners",8280.39,0.2,2026-09-05
INV-101209,"Alderman Logistics",1001.02,0.2,2026-09-06
INV-101210,"Northfield Timber Co",3686.2,0.2,2026-09-07
INV-101211,"Delta Facilities Group",2969.49,0.2,2026-09-08
INV-101212,"Everline Electrical",2442.49,0.2,2026-09-09
INV-101213,"Riverside Maintenance",556.6,0.2,2026-09-10
INV-101214,"Northfield Timber Co",9472.2,0.2,2026-09-11
INV-101215,"Oakwood Landscaping",7997.14,0.2,2026-09-12
INV-101216,"Foxglove Catering",5307.99,0.2,2026-09-13
INV-101217,"Harbour Point Packaging",7703.06,0.2,2026-09-14
INV-101218,"Solstice Energy Partners",8048.91,0.2,2026-09-15
INV-101219,"Ironside Security",3192,0.2,2026-09-16
INV-101220,"Granite Fleet Services",2079.4,0.2,2026-09-17
INV-101221,"Granite Fleet Services",5716.73,0.2,2026-09-18
INV-101222,"Northfield Timber Co",4278.1,0.2,2026-09-19
INV-101223,"Cascade Office Supplies",1999.31,0.2,2026-09-20
INV-101224,"Alderman Logistics",8480.05,0.2,2026-09-21
INV-101225,"Granite Fleet Services",1753.38,0.2,2026-09-22
INV-101226,"Northfield Timber Co",5380.1,0.2,2026-09-23
INV-101227,"Granite Fleet Services",1992.32,0.2,2026-09-24
INV-101228,"Everline Electrical",1693.28,0.2,2026-09-25
INV-101229,"Ironside Security",2891.36,0.2,2026-09-26
INV-101230,"Juniper IT Services",7860.85,0.2,2026-09-27
INV-101231,"Berkshire Print & Signage",631.85,0.2,2026-09-28
INV-101232,"Northfield Timber Co",346.52,0.2,2026-08-01
INV-101233,"Larkspur Cleaning Contracts",1992.43,0.2,2026-08-02
INV-101234,"Everline Electrical",7718.09,0.2,2026-08-03
INV-101235,"Riverside Maintenance",886.82,0.2,2026-08-04
INV-101236,"Newton Freight",4065.71,0.2,2026-08-05
INV-101237,"Pinnacle Consulting",1406.61,0.2,2026-08-06
INV-101238,"Pinnacle Consulting",1018.17,0.2,2026-08-07
INV-101239,"Juniper IT Services",6835.92,0.2,2026-08-08
INV-101240,"Harbour Point Packaging",4754.47,0.2,2026-08-09
INV-101241,"Kestrel Waste Management",474.92,0.2,2026-08-10
INV-101242,"Alderman Logistics",7318.62,0.2,2026-08-11
INV-101243,"Pinnacle Consulting",6744.61,0.2,2026-08-12
INV-101244,"Everline Electrical",8642.5,0.2,2026-08-13
INV-101245,"Foxglove Catering",6454.48,0.2,2026-08-14
INV-101246,"Alderman Logistics",7168.31,0.2,2026-08-15
INV-101247,"Newton Freight",5305.3,0.2,2026-08-16
INV-101248,"Juniper IT Services",5806.69,0.2,2026-08-17
INV-101249,"Kestrel Waste Management",4801.21,0.2,2026-08-18
INV-101250,"Northfield Timber Co",6901.22,0.2,2026-08-19
INV-101251,"Newton Freight",2057.76,0.2,2026-08-20
INV-101252,"Cascade Office Supplies",3772.63,0.2,2026-08-21
INV-101253,"Ironside Security",2959.19,0.2,2026-08-22
INV-101254,"Pinnacle Consulting",6141.52,0.2,2026-08-23
INV-101255,"Riverside Maintenance",2459.37,0.2,2026-08-24
INV-101256,"Ironside Security",5816.39,0.2,2026-08-25
INV-101257,"Granite Fleet Services",8278.6,0.2,2026-08-26
INV-101258,"Foxglove Catering",1996.35,0.2,2026-08-27
INV-101259,"Granite Fleet Services",3249.25,0.2,2026-08-28
INV-101260,"Juniper IT Services",3884.49,0.2,2026-09-01
INV-101261,"Granite Fleet Services",3033.41,0.2,2026-09-02
INV-101262,"Northfield Timber Co",718.54,0.2,2026-09-03
INV-101263,"Pinnacle Consulting",3029.64,0.2,2026-09-04
INV-101264,"Harbour Point Packaging",1746.1,0.2,2026-09-05
INV-101265,"Granite Fleet Services",9147.17,0.2,2026-09-06
INV-101266,"Cascade Office Supplies",6077.27,0.2,2026-09-07
INV-101267,"Kestrel Waste Management",7315.46,0.2,2026-09-08
INV-101268,"Kestrel Waste Management",8272.01,0.2,2026-09-09
INV-101269,"Granite Fleet Services",6092.22,0.2,2026-09-10
INV-101270,"Ironside Security",5197.97,0.2,2026-09-11
INV-101271,"Solstice Energy Partners",3529.85,0.2,2026-09-12
INV-101272,"Juniper IT Services",3197.43,0.2,2026-09-13
INV-101273,"Pinnacle Consulting",5499.96,0.2,2026-09-14
INV-101274,"Everline Electrical",439.47,0.2,2026-09-15
INV-101275,"Alderman Logistics",9340.69,0.2,2026-09-16
INV-101276,"Delta Facilities Group",4326.08,0.2,2026-09-17
INV-101277,"Quarryside Aggregates",7537.56,0.2,2026-09-18
INV-101278,"Alderman Logistics",3890.97,0.2,2026-09-19
INV-101279,"Delta Facilities Group",1806.65,0.2,2026-09-20
INV-101280,"Riverside Maintenance",1318.31,0.2,2026-09-21
INV-101281,"Delta Facilities Group",2225.25,0.2,2026-09-22
INV-101282,"Foxglove Catering",4518.65,0.2,2026-09-23
INV-101283,"Everline Electrical",2022.09,0.2,2026-09-24
INV-101284,"Northfield Timber Co",2196.61,0.2,2026-09-25
INV-101285,"Riverside Maintenance",2244.17,0.2,2026-09-26
INV-101286,"Berkshire Print & Signage",3907.79,0.2,2026-09-27
INV-101287,"Berkshire Print & Signage",3986.2,0.2,2026-09-28
INV-101288,"Delta Facilities Group",3947.24,0.2,2026-08-01
INV-101289,"Riverside Maintenance",635.94,0.2,2026-08-02
INV-101290,"Solstice Energy Partners",7609.38,0.2,2026-08-03
INV-101291,"Quarryside Aggregates",6226.35,0.2,2026-08-04
INV-101292,"Foxglove Catering",5603.02,0.2,2026-08-05
INV-101293,"Harbour Point Packaging",4606.57,0.2,2026-08-06
INV-101294,"Foxglove Catering",3487.88,0.2,2026-08-07
INV-101295,"Riverside Maintenance",398.17,0.2,2026-08-08
INV-101296,"Foxglove Catering",6506.59,0.2,2026-08-09
INV-101297,"Foxglove Catering",3923.69,0.2,2026-08-10
INV-101298,"Juniper IT Services",5612.32,0.2,2026-08-11
INV-101299,"Solstice Energy Partners",6177.52,0.2,2026-08-12
INV-101300,"Kestrel Waste Management",4957.12,0.2,2026-08-13
INV-101301,"Granite Fleet Services",1256.22,0.2,2026-08-14
INV-101302,"Newton Freight",5074.49,0.2,2026-08-15
INV-101303,"Newton Freight",127.58,0.2,2026-08-16
INV-101304,"Granite Fleet Services",4021.94,0.2,2026-08-17
INV-101305,"Oakwood Landscaping",9416.21,0.2,2026-08-18
INV-101306,"Delta Facilities Group",7075.25,0.2,2026-08-19
INV-101307,"Oakwood Landscaping",6016.65,0.2,2026-08-20
INV-101308,"Granite Fleet Services",6213.29,0.2,2026-08-21
INV-101309,"Delta Facilities Group",7241.19,0.2,2026-08-22
INV-101310,"Quarryside Aggregates",8216.23,0.2,2026-08-23
INV-101311,"Northfield Timber Co",2428.4,0.2,2026-08-24
INV-101312,"Juniper IT Services",4317.84,0.2,2026-08-25
INV-101313,"Foxglove Catering",1256.23,0.2,2026-08-26
INV-101314,"Delta Facilities Group",1793.57,0.2,2026-08-27
INV-101315,"Newton Freight",1153.33,0.2,2026-08-28
INV-101316,"Oakwood Landscaping",450.16,0.2,2026-09-01
INV-101317,"Granite Fleet Services",9150.23,0.2,2026-09-02
INV-101318,"Solstice Energy Partners",287.21,0.2,2026-09-03
INV-101319,"Larkspur Cleaning Contracts",4752.53,0.2,2026-09-04
INV-101320,"Berkshire Print & Signage",9390.38,0.2,2026-09-05
INV-101321,"Foxglove Catering",429.74,0.2,2026-09-06
INV-101322,"Quarryside Aggregates",4413.42,0.2,2026-09-07
INV-101323,"Oakwood Landscaping",1391.41,0.2,2026-09-08
INV-101324,"Quarryside Aggregates",1892.3,0.2,2026-09-09
INV-101325,"Delta Facilities Group",5700.08,0.2,2026-09-10
INV-101326,"Foxglove Catering",3900.76,0.2,2026-09-11
INV-101327,"Ironside Security",2208.52,0.2,2026-09-12
INV-101328,"Foxglove Catering",4654.1,0.2,2026-09-13
INV-101329,"Delta Facilities Group",9106.77,0.2,2026-09-14
INV-101330,"Everline Electrical",8634.15,0.2,2026-09-15
INV-101331,"Cascade Office Supplies",5592.5,0.2,2026-09-16
INV-101332,"Oakwood Landscaping",8487.5,0.2,2026-09-17
INV-101333,"Everline Electrical",5332.13,0.2,2026-09-18
INV-101334,"Granite Fleet Services",8908.44,0.2,2026-09-19
INV-101335,"Pinnacle Consulting",4070.35,0.2,2026-09-20
INV-101336,"Newton Freight",9365.4,0.2,2026-09-21
INV-101337,"Delta Facilities Group",3771.34,0.2,2026-09-22
INV-101338,"Berkshire Print & Signage",6823.09,0.2,2026-09-23
INV-101339,"Newton Freight",1355.4,0.2,2026-09-24
INV-101340,"Juniper IT Services",864.81,0.2,2026-09-25
INV-101341,"Oakwood Landscaping",8159.86,0.2,2026-09-26
INV-101342,"Riverside Maintenance",8709.89,0.2,2026-09-27
INV-101343,"Newton Freight",3972.87,0.2,2026-09-28
INV-101344,"Juniper IT Services",2037.42,0.2,2026-08-01
INV-101345,"Foxglove Catering",7164.64,0.2,2026-08-02
INV-101346,"Oakwood Landscaping",1350.97,0.2,2026-08-03
INV-101347,"Cascade Office Supplies",7534.13,0.2,2026-08-04
INV-101348,"Cascade Office Supplies",5924.98,0.2,2026-08-05
INV-101349,"Cascade Office Supplies",7063.37,0.2,2026-08-06
INV-101350,"Juniper IT Services",6199.1,0.2,2026-08-07
INV-101351,"Larkspur Cleaning Contracts",7663.5,0.2,2026-08-08
INV-101352,"Alderman Logistics",1013.83,0.2,2026-08-09
INV-101353,"Newton Freight",1318.06,0.2,2026-08-10
INV-101354,"Granite Fleet Services",6306.51,0.2,2026-08-11
INV-101355,"Larkspur Cleaning Contracts",5449.34,0.2,2026-08-12
INV-101356,"Ironside Security",9307.98,0.2,2026-08-13
INV-101357,"Solstice Energy Partners",6671.41,0.2,2026-08-14
INV-101358,"Juniper IT Services",7462.51,0.2,2026-08-15
INV-101359,"Cascade Office Supplies",8301.29,0.2,2026-08-16
INV-101360,"Delta Facilities Group",6333.91,0.2,2026-08-17
INV-101361,"Larkspur Cleaning Contracts",726.84,0.2,2026-08-18
INV-101362,"Delta Facilities Group",7160.69,0.2,2026-08-19
INV-101363,"Oakwood Landscaping",5056.49,0.2,2026-08-20
INV-101364,"Riverside Maintenance",8234.32,0.2,2026-08-21
INV-101365,"Northfield Timber Co",9152.96,0.2,2026-08-22
INV-101366,"Northfield Timber Co",2128,0.2,2026-08-23
INV-101367,"Larkspur Cleaning Contracts",8634.39,0.2,2026-08-24
INV-101368,"Newton Freight",570.13,0.2,2026-08-25
INV-101369,"Kestrel Waste Management",1369.02,0.2,2026-08-26
INV-101370,"Pinnacle Consulting",6398.72,0.2,2026-08-27
INV-101371,"Solstice Energy Partners",4910.9,0.2,2026-08-28
INV-101372,"Ironside Security",9485.04,0.2,2026-09-01
INV-101373,"Kestrel Waste Management",3639.37,0.2,2026-09-02
INV-101374,"Ironside Security",6578.78,0.2,2026-09-03
INV-101375,"Kestrel Waste Management",3626.88,0.2,2026-09-04
INV-101376,"Kestrel Waste Management",4090.56,0.2,2026-09-05
INV-101377,"Quarryside Aggregates",196.5,0.2,2026-09-06
INV-101378,"Berkshire Print & Signage",3119.02,0.2,2026-09-07
INV-101379,"Delta Facilities Group",1082.39,0.2,2026-09-08
INV-101380,"Foxglove Catering",2940.51,0.2,2026-09-09
INV-101381,"Quarryside Aggregates",443.19,0.2,2026-09-10
INV-101382,"Solstice Energy Partners",8460.61,0.2,2026-09-11
INV-101383,"Cascade Office Supplies",898.91,0.2,2026-09-12
INV-101384,"Riverside Maintenance",4326.97,0.2,2026-09-13
INV-101385,"Delta Facilities Group",2336.27,0.2,2026-09-14
INV-101386,"Kestrel Waste Management",5485.11,0.2,2026-09-15
INV-101387,"Riverside Maintenance",8236.48,0.2,2026-09-16
INV-101388,"Cascade Office Supplies",4178.35,0.2,2026-09-17
INV-101389,"Kestrel Waste Management",6956.06,0.2,2026-09-18
INV-101390,"Riverside Maintenance",6728.71,0.2,2026-09-19
INV-101391,"Kestrel Waste Management",7606.15,0.2,2026-09-20
INV-101392,"Delta Facilities Group",8661.68,0.2,2026-09-21
INV-101393,"Ironside Security",8125.48,0.2,2026-09-22
INV-101394,"Juniper IT Services",711.71,0.2,2026-09-23
INV-101395,"Juniper IT Services",859.65,0.2,2026-09-24
INV-101396,"Foxglove Catering",3514.54,0.2,2026-09-25
INV-101397,"Harbour Point Packaging",620.05,0.2,2026-09-26
INV-101398,"Foxglove Catering",6060.11,0.2,2026-09-27
INV-101399,"Northfield Timber Co",6685.9,0.2,2026-09-28
INV-101400,"Riverside Maintenance",6949.5,0.2,2026-08-01
INV-101401,"Harbour Point Packaging",1942.95,0.2,2026-08-02
INV-101402,"Granite Fleet Services",3121.96,0.2,2026-08-03
INV-101403,"Juniper IT Services",6590,0.2,2026-08-04
INV-101404,"Cascade Office Supplies",3552.05,0.2,2026-08-05
INV-101405,"Everline Electrical",3461.81,0.2,2026-08-06
INV-101406,"Cascade Office Supplies",1338.36,0.2,2026-08-07
INV-101407,"Granite Fleet Services",7989.25,0.2,2026-08-08
INV-101408,"Ironside Security",62.3,0.2,2026-08-09
INV-101409,"Berkshire Print & Signage",3153.66,0.2,2026-08-10
INV-101410,"Oakwood Landscaping",392.06,0.2,2026-08-11
INV-101411,"Newton Freight",2570.44,0.2,2026-08-12
INV-101412,"Berkshire Print & Signage",7350.92,0.2,2026-08-13
INV-101413,"Kestrel Waste Management",1304.88,0.2,2026-08-14
INV-101414,"Everline Electrical",4319.91,0.2,2026-08-15
INV-101415,"Quarryside Aggregates",8714.16,0.2,2026-08-16
INV-101416,"Cascade Office Supplies",1803.23,0.2,2026-08-17
INV-101417,"Riverside Maintenance",2002.05,0.2,2026-08-18
INV-101418,"Newton Freight",239.25,0.2,2026-08-19
INV-101419,"Larkspur Cleaning Contracts",8222.87,0.2,2026-08-20
INV-101420,"Ironside Security",9225.26,0.2,2026-08-21
INV-101421,"Granite Fleet Services",6991.69,0.2,2026-08-22
INV-101422,"Northfield Timber Co",1765.6,0.2,2026-08-23
INV-101423,"Cascade Office Supplies",4928.72,0.2,2026-08-24
INV-101424,"Quarryside Aggregates",5198.23,0.2,2026-08-25
INV-101425,"Riverside Maintenance",6322.92,0.2,2026-08-26
INV-101426,"Northfield Timber Co",6765.08,0.2,2026-08-27
INV-101427,"Larkspur Cleaning Contracts",4582.26,0.2,2026-08-28
INV-101428,"Everline Electrical",4958.06,0.2,2026-09-01
INV-101429,"Foxglove Catering",4442.57,0.2,2026-09-02
INV-101430,"Juniper IT Services",8698.68,0.2,2026-09-03
INV-101431,"Delta Facilities Group",2921.97,0.2,2026-09-04
INV-101432,"Granite Fleet Services",2941.08,0.2,2026-09-05
INV-101433,"Larkspur Cleaning Contracts",8907.27,0.2,2026-09-06
INV-101434,"Ironside Security",2873.93,0.2,2026-09-07
INV-101435,"Delta Facilities Group",3091.82,0.2,2026-09-08
INV-101436,"Oakwood Landscaping",3025.28,0.2,2026-09-09
INV-101437,"Northfield Timber Co",5654.58,0.2,2026-09-10
INV-101438,"Harbour Point Packaging",3056,0.2,2026-09-11
INV-101439,"Everline Electrical",2474.48,0.2,2026-09-12
INV-101440,"Pinnacle Consulting",752.93,0.2,2026-09-13
INV-101441,"Foxglove Catering",7641.87,0.2,2026-09-14
INV-101442,"Larkspur Cleaning Contracts",3097.56,0.2,2026-09-15
INV-101443,"Alderman Logistics",8477.94,0.2,2026-09-16
INV-101444,"Newton Freight",6480.54,0.2,2026-09-17
INV-101445,"Harbour Point Packaging",547.58,0.2,2026-09-18
INV-101446,"Oakwood Landscaping",361.68,0.2,2026-09-19
INV-101447,"Solstice Energy Partners",3714.25,0.2,2026-09-20
INV-101448,"Granite Fleet Services",286.53,0.2,2026-09-21
INV-101449,"Riverside Maintenance",8950.09,0.2,2026-09-22
INV-101450,"Everline Electrical",6492.02,0.2,2026-09-23
INV-101451,"Solstice Energy Partners",784.88,0.2,2026-09-24
INV-101452,"Alderman Logistics",5467.8,0.2,2026-09-25
INV-101453,"Foxglove Catering",7023.75,0.2,2026-09-26
INV-101454,"Pinnacle Consulting",6648.1,0.2,2026-09-27
INV-101455,"Delta Facilities Group",860.07,0.2,2026-09-28
INV-101456,"Newton Freight",9484.55,0.2,2026-08-01
INV-101457,"Larkspur Cleaning Contracts",8437.16,0.2,2026-08-02
INV-101458,"Newton Freight",3823.61,0.2,2026-08-03
INV-101459,"Juniper IT Services",7430.11,0.2,2026-08-04
INV-101460,"Riverside Maintenance",955.71,0.2,2026-08-05
INV-101461,"Newton Freight",2391,0.2,2026-08-06
INV-101462,"Everline Electrical",3984.54,0.2,2026-08-07
INV-101463,"Granite Fleet Services",4705.67,0.2,2026-08-08
INV-101464,"Delta Facilities Group",5997.98,0.2,2026-08-09
INV-101465,"Larkspur Cleaning Contracts",3182.73,0.2,2026-08-10
INV-101466,"Delta Facilities Group",1735.5,0.2,2026-08-11
INV-101467,"Riverside Maintenance",1864.13,0.2,2026-08-12
INV-101468,"Delta Facilities Group",9216.97,0.2,2026-08-13
INV-101469,"Solstice Energy Partners",8200.95,0.2,2026-08-14
INV-101470,"Delta Facilities Group",957.01,0.2,2026-08-15
INV-101471,"Cascade Office Supplies",5842.37,0.2,2026-08-16
INV-101472,"Kestrel Waste Management",8784.77,0.2,2026-08-17
INV-101473,"Harbour Point Packaging",9331.38,0.2,2026-08-18
INV-101474,"Oakwood Landscaping",1887.61,0.2,2026-08-19
INV-101475,"Northfield Timber Co",9235.31,0.2,2026-08-20
INV-101476,"Delta Facilities Group",3780.76,0.2,2026-08-21
INV-101477,"Everline Electrical",6274.23,0.2,2026-08-22
INV-101478,"Pinnacle Consulting",5444.83,0.2,2026-08-23
INV-101479,"Juniper IT Services",7573.41,0.2,2026-08-24
INV-101480,"Everline Electrical",4062.68,0.2,2026-08-25
INV-101481,"Harbour Point Packaging",988.67,0.2,2026-08-26
INV-101482,"Pinnacle Consulting",580.33,0.2,2026-08-27
INV-101483,"Ironside Security",7728.42,0.2,2026-08-28
INV-101484,"Kestrel Waste Management",2012.92,0.2,2026-09-01
INV-101485,"Riverside Maintenance",1991.63,0.2,2026-09-02
INV-101486,"Newton Freight",1448.03,0.2,2026-09-03
INV-101487,"Oakwood Landscaping",3145.97,0.2,2026-09-04
INV-101488,"Delta Facilities Group",6484.54,0.2,2026-09-05
INV-101489,"Pinnacle Consulting",6807.81,0.2,2026-09-06
INV-101490,"Kestrel Waste Management",572.74,0.2,2026-09-07
INV-101491,"Kestrel Waste Management",7183.09,0.2,2026-09-08
INV-101492,"Foxglove Catering",4746.85,0.2,2026-09-09
INV-101493,"Delta Facilities Group",3890.64,0.2,2026-09-10
INV-101494,"Kestrel Waste Management",6863.14,0.2,2026-09-11
INV-101495,"Berkshire Print & Signage",5798.59,0.2,2026-09-12
INV-101496,"Riverside Maintenance",9289.62,0.2,2026-09-13
INV-101497,"Everline Electrical",7609.63,0.2,2026-09-14
INV-101498,"Oakwood Landscaping",9258.51,0.2,2026-09-15
INV-101499,"Solstice Energy Partners",8641.18,0.2,2026-09-16
INV-101500,"Harbour Point Packaging",6074.42,0.2,2026-09-17
INV-101501,"Berkshire Print & Signage",7466.81,0.2,2026-09-18
INV-101502,"Quarryside Aggregates",1072.4,0.2,2026-09-19
INV-101503,"Oakwood Landscaping",2928.85,0.2,2026-09-20
INV-101504,"Newton Freight",5883.28,0.2,2026-09-21
INV-101505,"Riverside Maintenance",2163.67,0.2,2026-09-22
INV-101506,"Ironside Security",3060.64,0.2,2026-09-23
INV-101507,"Ironside Security",5424.16,0.2,2026-09-24
INV-101508,"Berkshire Print & Signage",8964.56,0.2,2026-09-25
INV-101509,"Cascade Office Supplies",6047.44,0.2,2026-09-26
INV-101510,"Ironside Security",1158.72,0.2,2026-09-27
INV-101511,"Juniper IT Services",4549.5,0.2,2026-09-28
INV-101512,"Everline Electrical",153.5,0.2,2026-08-01
INV-101513,"Ironside Security",2198.77,0.2,2026-08-02
INV-101514,"Kestrel Waste Management",3802.49,0.2,2026-08-03
INV-101515,"Foxglove Catering",9462.79,0.2,2026-08-04
INV-101516,"Northfield Timber Co",2239.74,0.2,2026-08-05
INV-101517,"Everline Electrical",6935.68,0.2,2026-08-06
INV-101518,"Solstice Energy Partners",3369.55,0.2,2026-08-07
INV-101519,"Alderman Logistics",1481.54,0.2,2026-08-08
INV-101520,"Northfield Timber Co",1608.06,0.2,2026-08-09
INV-101521,"Larkspur Cleaning Contracts",3492.86,0.2,2026-08-10
INV-101522,"Northfield Timber Co",1155.9,0.2,2026-08-11
INV-101523,"Delta Facilities Group",2643.34,0.2,2026-08-12
INV-101524,"Pinnacle Consulting",3213.57,0.2,2026-08-13
INV-101525,"Quarryside Aggregates",6250.79,0.2,2026-08-14
INV-101526,"Northfield Timber Co",242.22,0.2,2026-08-15
INV-101527,"Larkspur Cleaning Contracts",5691.22,0.2,2026-08-16
INV-101528,"Delta Facilities Group",1172.52,0.2,2026-08-17
INV-101529,"Riverside Maintenance",3548.62,0.2,2026-08-18
INV-101530,"Ironside Security",3320.24,0.2,2026-08-19
INV-101531,"Ironside Security",9205.57,0.2,2026-08-20
INV-101532,"Oakwood Landscaping",9498.41,0.2,2026-08-21
INV-101533,"Quarryside Aggregates",2371.31,0.2,2026-08-22
INV-101534,"Everline Electrical",4716.64,0.2,2026-08-23
INV-101535,"Solstice Energy Partners",960.96,0.2,2026-08-24
INV-101536,"Cascade Office Supplies",1149.37,0.2,2026-08-25
INV-101537,"Oakwood Landscaping",3120.61,0.2,2026-08-26
INV-101538,"Oakwood Landscaping",6284.14,0.2,2026-08-27
INV-101539,"Pinnacle Consulting",3863.31,0.2,2026-08-28
INV-101540,"Everline Electrical",7199.4,0.2,2026-09-01
INV-101541,"Kestrel Waste Management",2441.79,0.2,2026-09-02
INV-101542,"Harbour Point Packaging",8151.28,0.2,2026-09-03
INV-101543,"Delta Facilities Group",4469.51,0.2,2026-09-04
INV-101544,"Pinnacle Consulting",3526.41,0.2,2026-09-05
INV-101545,"Oakwood Landscaping",4704.67,0.2,2026-09-06
INV-101546,"Solstice Energy Partners",606.33,0.2,2026-09-07
INV-101547,"Quarryside Aggregates",7935.92,0.2,2026-09-08
INV-101548,"Riverside Maintenance",2155.96,0.2,2026-09-09
INV-101549,"Everline Electrical",9068.4,0.2,2026-09-10
INV-101550,"Alderman Logistics",3270.54,0.2,2026-09-11
INV-101551,"Delta Facilities Group",1050.87,0.2,2026-09-12
INV-101552,"Oakwood Landscaping",4615.91,0.2,2026-09-13
INV-101553,"Pinnacle Consulting",1350.72,0.2,2026-09-14
INV-101554,"Alderman Logistics",4854.9,0.2,2026-09-15
INV-101555,"Delta Facilities Group",9189.6,0.2,2026-09-16
INV-101556,"Everline Electrical",4265.96,0.2,2026-09-17
INV-101557,"Harbour Point Packaging",3535.45,0.2,2026-09-18
INV-101558,"Northfield Timber Co",943.35,0.2,2026-09-19
INV-101559,"Larkspur Cleaning Contracts",3815.92,0.2,2026-09-20
INV-101560,"Larkspur Cleaning Contracts",359.08,0.2,2026-09-21
INV-101561,"Cascade Office Supplies",8845.76,0.2,2026-09-22
INV-101562,"Berkshire Print & Signage",4647.56,0.2,2026-09-23
INV-101563,"Newton Freight",69.25,0.2,2026-09-24
INV-101564,"Newton Freight",5344.31,0.2,2026-09-25
INV-101565,"Everline Electrical",909.25,0.2,2026-09-26
INV-101566,"Northfield Timber Co",8444.79,0.2,2026-09-27
INV-101567,"Foxglove Catering",4228.83,0.2,2026-09-28
INV-101568,"Granite Fleet Services",1650.78,0.2,2026-08-01
INV-101569,"Alderman Logistics",6659.95,0.2,2026-08-02
INV-101570,"Harbour Point Packaging",6095.41,0.2,2026-08-03
INV-101571,"Foxglove Catering",1814.97,0.2,2026-08-04
INV-101572,"Foxglove Catering",6511.67,0.2,2026-08-05
INV-101573,"Northfield Timber Co",2010.93,0.2,2026-08-06
INV-101574,"Solstice Energy Partners",1418.47,0.2,2026-08-07
INV-101575,"Larkspur Cleaning Contracts",2637.82,0.2,2026-08-08
INV-101576,"Solstice Energy Partners",5887.22,0.2,2026-08-09
INV-101577,"Riverside Maintenance",1148.75,0.2,2026-08-10
INV-101578,"Kestrel Waste Management",3415.76,0.2,2026-08-11
INV-101579,"Juniper IT Services",7553.37,0.2,2026-08-12
INV-101580,"Alderman Logistics",7842.8,0.2,2026-08-13
INV-101581,"Everline Electrical",4457.24,0.2,2026-08-14
INV-101582,"Ironside Security",144.37,0.2,2026-08-15
INV-101583,"Pinnacle Consulting",2283.87,0.2,2026-08-16
INV-101584,"Pinnacle Consulting",6833.37,0.2,2026-08-17
INV-101585,"Riverside Maintenance",6322.19,0.2,2026-08-18
INV-101586,"Berkshire Print & Signage",3106.56,0.2,2026-08-19
INV-101587,"Quarryside Aggregates",7376.2,0.2,2026-08-20
INV-101588,"Juniper IT Services",3768.87,0.2,2026-08-21
INV-101589,"Delta Facilities Group",1667.44,0.2,2026-08-22
INV-101590,"Ironside Security",6380.21,0.2,2026-08-23
INV-101591,"Harbour Point Packaging",252.66,0.2,2026-08-24
INV-101592,"Everline Electrical",2310.82,0.2,2026-08-25
INV-101593,"Oakwood Landscaping",3774.21,0.2,2026-08-26
INV-101594,"Oakwood Landscaping",6580.38,0.2,2026-08-27
INV-101595,"Ironside Security",6693.73,0.2,2026-08-28
INV-101596,"Alderman Logistics",3707.24,0.2,2026-09-01
INV-101597,"Alderman Logistics",6149.34,0.2,2026-09-02
INV-101598,"Oakwood Landscaping",3012.4,0.2,2026-09-03
INV-101599,"Delta Facilities Group",6479.32,0.2,2026-09-04
INV-101600,"Harbour Point Packaging",5657.72,0.2,2026-09-05
INV-101601,"Alderman Logistics",95.38,0.2,2026-09-06
INV-101602,"Juniper IT Services",2476.24,0.2,2026-09-07
INV-101603,"Juniper IT Services",5527.29,0.2,2026-09-08
INV-101604,"Northfield Timber Co",5121.34,0.2,2026-09-09
INV-101605,"Oakwood Landscaping",8010.89,0.2,2026-09-10
INV-101606,"Cascade Office Supplies",657.54,0.2,2026-09-11
INV-101607,"Quarryside Aggregates",8375.33,0.2,2026-09-12
INV-101608,"Quarryside Aggregates",5363.83,0.2,2026-09-13
INV-101609,"Harbour Point Packaging",5888.82,0.2,2026-09-14
INV-101610,"Quarryside Aggregates",726,0.2,2026-09-15
INV-101611,"Juniper IT Services",6593.41,0.2,2026-09-16
INV-101612,"Pinnacle Consulting",6367.84,0.2,2026-09-17
INV-101613,"Larkspur Cleaning Contracts",1929.87,0.2,2026-09-18
INV-101614,"Northfield Timber Co",2417.89,0.2,2026-09-19
INV-101615,"Quarryside Aggregates",6089.95,0.2,2026-09-20
INV-101616,"Solstice Energy Partners",7361.11,0.2,2026-09-21
INV-101617,"Delta Facilities Group",2279.21,0.2,2026-09-22
INV-101618,"Juniper IT Services",7247.6,0.2,2026-09-23
INV-101619,"Ironside Security",1395.98,0.2,2026-09-24
INV-101620,"Larkspur Cleaning Contracts",5299.94,0.2,2026-09-25
INV-101621,"Oakwood Landscaping",3965.35,0.2,2026-09-26
INV-101622,"Everline Electrical",8879.61,0.2,2026-09-27
INV-101623,"Cascade Office Supplies",2270.4,0.2,2026-09-28
INV-101624,"Berkshire Print & Signage",2848.07,0.2,2026-08-01
INV-101625,"Larkspur Cleaning Contracts",2496.24,0.2,2026-08-02
INV-101626,"Alderman Logistics",7417.12,0.2,2026-08-03
INV-101627,"Juniper IT Services",6677.36,0.2,2026-08-04
INV-101628,"Pinnacle Consulting",6907.16,0.2,2026-08-05
INV-101629,"Berkshire Print & Signage",6420.36,0.2,2026-08-06
INV-101630,"Northfield Timber Co",1968.85,0.2,2026-08-07
INV-101631,"Solstice Energy Partners",6850.22,0.2,2026-08-08
INV-101632,"Foxglove Catering",7116.78,0.2,2026-08-09
INV-101633,"Juniper IT Services",2578.29,0.2,2026-08-10
INV-101634,"Northfield Timber Co",5248.69,0.2,2026-08-11
INV-101635,"Juniper IT Services",4954.75,0.2,2026-08-12
INV-101636,"Larkspur Cleaning Contracts",545.67,0.2,2026-08-13
INV-101637,"Solstice Energy Partners",603.44,0.2,2026-08-14
INV-101638,"Everline Electrical",8236.27,0.2,2026-08-15
INV-101639,"Solstice Energy Partners",9245.27,0.2,2026-08-16
INV-101640,"Solstice Energy Partners",9109.26,0.2,2026-08-17
INV-101641,"Solstice Energy Partners",7944.14,0.2,2026-08-18
INV-101642,"Juniper IT Services",1005.62,0.2,2026-08-19
INV-101643,"Oakwood Landscaping",625.37,0.2,2026-08-20
INV-101644,"Berkshire Print & Signage",6976.84,0.2,2026-08-21
INV-101645,"Larkspur Cleaning Contracts",9440.51,0.2,2026-08-22
INV-101646,"Granite Fleet Services",6707.1,0.2,2026-08-23
INV-101647,"Kestrel Waste Management",1092.27,0.2,2026-08-24
INV-101648,"Quarryside Aggregates",3674.96,0.2,2026-08-25
INV-101649,"Cascade Office Supplies",1690.09,0.2,2026-08-26
INV-101650,"Quarryside Aggregates",3505.63,0.2,2026-08-27
INV-101651,"Newton Freight",5200.83,0.2,2026-08-28
INV-101652,"Riverside Maintenance",4272.81,0.2,2026-09-01
INV-101653,"Harbour Point Packaging",917.24,0.2,2026-09-02
INV-101654,"Newton Freight",2563.71,0.2,2026-09-03
INV-101655,"Solstice Energy Partners",5768.37,0.2,2026-09-04
INV-101656,"Cascade Office Supplies",2522.71,0.2,2026-09-05
INV-101657,"Alderman Logistics",8606.55,0.2,2026-09-06
INV-101658,"Juniper IT Services",8571.06,0.2,2026-09-07
INV-101659,"Cascade Office Supplies",8847.6,0.2,2026-09-08
INV-101660,"Quarryside Aggregates",9415.64,0.2,2026-09-09
INV-101661,"Northfield Timber Co",2368.41,0.2,2026-09-10
INV-101662,"Alderman Logistics",6471.53,0.2,2026-09-11
INV-101663,"Solstice Energy Partners",404.93,0.2,2026-09-12
INV-101664,"Alderman Logistics",4384.61,0.2,2026-09-13
INV-101665,"Pinnacle Consulting",754.52,0.2,2026-09-14
INV-101666,"Granite Fleet Services",1198.23,0.2,2026-09-15
INV-101667,"Juniper IT Services",2410.39,0.2,2026-09-16
INV-101668,"Foxglove Catering",3639.15,0.2,2026-09-17
INV-101669,"Solstice Energy Partners",7692.75,0.2,2026-09-18
INV-101670,"Oakwood Landscaping",3350.79,0.2,2026-09-19
INV-101671,"Riverside Maintenance",7742.72,0.2,2026-09-20
INV-101672,"Cascade Office Supplies",6865.59,0.2,2026-09-21
INV-101673,"Everline Electrical",2323.29,0.2,2026-09-22
INV-101674,"Harbour Point Packaging",2467.92,0.2,2026-09-23
INV-101675,"Everline Electrical",5373.63,0.2,2026-09-24
INV-101676,"Kestrel Waste Management",5148.38,0.2,2026-09-25
INV-101677,"Harbour Point Packaging",6964.68,0.2,2026-09-26
INV-101678,"Berkshire Print & Signage",986.32,0.2,2026-09-27
INV-101679,"Pinnacle Consulting",5182.55,0.2,2026-09-28
INV-101680,"Ironside Security",7875.24,0.2,2026-08-01
INV-101681,"Larkspur Cleaning Contracts",699.37,0.2,2026-08-02
INV-101682,"Quarryside Aggregates",5097.73,0.2,2026-08-03
INV-101683,"Cascade Office Supplies",6341.62,0.2,2026-08-04
INV-101684,"Berkshire Print & Signage",9339.72,0.2,2026-08-05
INV-101685,"Harbour Point Packaging",1661.71,0.2,2026-08-06
INV-101686,"Larkspur Cleaning Contracts",9254.01,0.2,2026-08-07
INV-101687,"Quarryside Aggregates",3780.95,0.2,2026-08-08
INV-101688,"Solstice Energy Partners",1687,0.2,2026-08-09
INV-101689,"Berkshire Print & Signage",2341.76,0.2,2026-08-10
INV-101690,"Harbour Point Packaging",651.72,0.2,2026-08-11
INV-101691,"Harbour Point Packaging",8605.89,0.2,2026-08-12
INV-101692,"Alderman Logistics",8569.81,0.2,2026-08-13
INV-101693,"Northfield Timber Co",4868.43,0.2,2026-08-14
INV-101694,"Solstice Energy Partners",1618.36,0.2,2026-08-15
INV-101695,"Kestrel Waste Management",1901.85,0.2,2026-08-16
INV-101696,"Newton Freight",4951.61,0.2,2026-08-17
INV-101697,"Northfield Timber Co",9136.96,0.2,2026-08-18
INV-101698,"Cascade Office Supplies",5293.99,0.2,2026-08-19
INV-101699,"Cascade Office Supplies",4769.69,0.2,2026-08-20
INV-101700,"Delta Facilities Group",6820.66,0.2,2026-08-21
INV-101701,"Cascade Office Supplies",4524.6,0.2,2026-08-22
INV-101702,"Alderman Logistics",3768.68,0.2,2026-08-23
INV-101703,"Pinnacle Consulting",9253.48,0.2,2026-08-24
INV-101704,"Berkshire Print & Signage",6493.99,0.2,2026-08-25
INV-101705,"Riverside Maintenance",1296.53,0.2,2026-08-26
INV-101706,"Larkspur Cleaning Contracts",9044.96,0.2,2026-08-27
INV-101707,"Riverside Maintenance",1758.64,0.2,2026-08-28
INV-101708,"Ironside Security",1434.62,0.2,2026-09-01
INV-101709,"Riverside Maintenance",877.34,0.2,2026-09-02
INV-101710,"Berkshire Print & Signage",2887.25,0.2,2026-09-03
INV-101711,"Riverside Maintenance",9276.9,0.2,2026-09-04
INV-101712,"Berkshire Print & Signage",8224.32,0.2,2026-09-05
INV-101713,"Quarryside Aggregates",1286.74,0.2,2026-09-06
INV-101714,"Northfield Timber Co",1224.02,0.2,2026-09-07
INV-101715,"Kestrel Waste Management",7789.68,0.2,2026-09-08
INV-101716,"Larkspur Cleaning Contracts",4938.38,0.2,2026-09-09
INV-101717,"Juniper IT Services",2885.32,0.2,2026-09-10
INV-101718,"Kestrel Waste Management",2754.98,0.2,2026-09-11
INV-101719,"Newton Freight",6593.51,0.2,2026-09-12
INV-101720,"Pinnacle Consulting",3053.67,0.2,2026-09-13
INV-101721,"Solstice Energy Partners",6005.32,0.2,2026-09-14
INV-101722,"Newton Freight",2141.69,0.2,2026-09-15
INV-101723,"Kestrel Waste Management",6194.69,0.2,2026-09-16
INV-101724,"Harbour Point Packaging",3358.43,0.2,2026-09-17
INV-101725,"Quarryside Aggregates",6729.12,0.2,2026-09-18
INV-101726,"Solstice Energy Partners",9395.81,0.2,2026-09-19
INV-101727,"Kestrel Waste Management",6379,0.2,2026-09-20
INV-101728,"Oakwood Landscaping",3592.28,0.2,2026-09-21
INV-101729,"Everline Electrical",6842.9,0.2,2026-09-22
INV-101730,"Riverside Maintenance",5733.92,0.2,2026-09-23
INV-101731,"Cascade Office Supplies",6040.44,0.2,2026-09-24
INV-101732,"Quarryside Aggregates",6511.26,0.2,2026-09-25
INV-101733,"Solstice Energy Partners",1079.34,0.2,2026-09-26
INV-101734,"Northfield Timber Co",3188.82,0.2,2026-09-27
INV-101735,"Cascade Office Supplies",7399.7,0.2,2026-09-28
INV-101736,"Ironside Security",4475.84,0.2,2026-08-01
INV-101737,"Oakwood Landscaping",4155.83,0.2,2026-08-02
INV-101738,"Quarryside Aggregates",4776,0.2,2026-08-03
INV-101739,"Foxglove Catering",2151.63,0.2,2026-08-04
INV-101740,"Everline Electrical",7803.45,0.2,2026-08-05
INV-101741,"Berkshire Print & Signage",2697.58,0.2,2026-08-06
INV-101742,"Oakwood Landscaping",8503.95,0.2,2026-08-07
INV-101743,"Harbour Point Packaging",1593.35,0.2,2026-08-08
INV-101744,"Quarryside Aggregates",9486.4,0.2,2026-08-09
INV-101745,"Solstice Energy Partners",5142.72,0.2,2026-08-10
INV-101746,"Juniper IT Services",1617.93,0.2,2026-08-11
INV-101747,"Oakwood Landscaping",1442.67,0.2,2026-08-12
INV-101748,"Larkspur Cleaning Contracts",4533.97,0.2,2026-08-13
INV-101749,"Newton Freight",1231.27,0.2,2026-08-14
INV-101750,"Berkshire Print & Signage",9408.71,0.2,2026-08-15
INV-101751,"Newton Freight",7518.97,0.2,2026-08-16
INV-101752,"Everline Electrical",8708.96,0.2,2026-08-17
INV-101753,"Newton Freight",9016.16,0.2,2026-08-18
INV-101754,"Kestrel Waste Management",6367.92,0.2,2026-08-19
INV-101755,"Juniper IT Services",1082.37,0.2,2026-08-20
INV-101756,"Kestrel Waste Management",2274.04,0.2,2026-08-21
INV-101757,"Northfield Timber Co",2831.65,0.2,2026-08-22
INV-101758,"Northfield Timber Co",7256.85,0.2,2026-08-23
INV-101759,"Berkshire Print & Signage",8678.35,0.2,2026-08-24
INV-101760,"Granite Fleet Services",4339.58,0.2,2026-08-25
INV-101761,"Berkshire Print & Signage",8829.58,0.2,2026-08-26
INV-101762,"Harbour Point Packaging",4674.95,0.2,2026-08-27
INV-101763,"Larkspur Cleaning Contracts",3840.39,0.2,2026-08-28
INV-101764,"Larkspur Cleaning Contracts",7512.7,0.2,2026-09-01
INV-101765,"Oakwood Landscaping",3196.31,0.2,2026-09-02
INV-101766,"Juniper IT Services",6682.67,0.2,2026-09-03
INV-101767,"Pinnacle Consulting",193.16,0.2,2026-09-04
INV-101768,"Juniper IT Services",6000.81,0.2,2026-09-05
INV-101769,"Riverside Maintenance",8503.61,0.2,2026-09-06
INV-101770,"Cascade Office Supplies",7977.47,0.2,2026-09-07
INV-101771,"Quarryside Aggregates",7859.5,0.2,2026-09-08
INV-101772,"Foxglove Catering",7037.82,0.2,2026-09-09
INV-101773,"Cascade Office Supplies",5133.62,0.2,2026-09-10
INV-101774,"Quarryside Aggregates",4553.97,0.2,2026-09-11
INV-101775,"Oakwood Landscaping",5039.45,0.2,2026-09-12
INV-101776,"Alderman Logistics",2382.67,0.2,2026-09-13
INV-101777,"Juniper IT Services",8445.54,0.2,2026-09-14
INV-101778,"Cascade Office Supplies",8650.26,0.2,2026-09-15
INV-101779,"Harbour Point Packaging",4108.17,0.2,2026-09-16
INV-101780,"Foxglove Catering",3624.63,0.2,2026-09-17
INV-101781,"Foxglove Catering",8783.18,0.2,2026-09-18
INV-101782,"Granite Fleet Services",3791.27,0.2,2026-09-19
INV-101783,"Juniper IT Services",2050.68,0.2,2026-09-20
INV-101784,"Granite Fleet Services",3591.3,0.2,2026-09-21
INV-101785,"Newton Freight",8443.15,0.2,2026-09-22
INV-101786,"Newton Freight",4744.36,0.2,2026-09-23
INV-101787,"Northfield Timber Co",9124.21,0.2,2026-09-24
INV-101788,"Granite Fleet Services",2161.47,0.2,2026-09-25
INV-101789,"Delta Facilities Group",5965.5,0.2,2026-09-26
INV-101790,"Cascade Office Supplies",4447.69,0.2,2026-09-27
INV-101791,"Newton Freight",6041.32,0.2,2026-09-28
INV-101792,"Kestrel Waste Management",8769.13,0.2,2026-08-01
INV-101793,"Riverside Maintenance",918.23,0.2,2026-08-02
INV-101794,"Berkshire Print & Signage",8776.97,0.2,2026-08-03
INV-101795,"Riverside Maintenance",2399.91,0.2,2026-08-04
INV-101796,"Alderman Logistics",7037.62,0.2,2026-08-05
INV-101797,"Pinnacle Consulting",9408.21,0.2,2026-08-06
INV-101798,"Quarryside Aggregates",8715.12,0.2,2026-08-07
INV-101799,"Northfield Timber Co",262.98,0.2,2026-08-08
INV-101800,"Ironside Security",987.74,0.2,2026-08-09
INV-101801,"Larkspur Cleaning Contracts",8931.83,0.2,2026-08-10
INV-101802,"Quarryside Aggregates",2286.13,0.2,2026-08-11
INV-101803,"Alderman Logistics",2520.24,0.2,2026-08-12
INV-101804,"Everline Electrical",5605.04,0.2,2026-08-13
INV-101805,"Granite Fleet Services",6690.44,0.2,2026-08-14
INV-101806,"Riverside Maintenance",5124.75,0.2,2026-08-15
INV-101807,"Berkshire Print & Signage",8384.63,0.2,2026-08-16
INV-101808,"Granite Fleet Services",8872.69,0.2,2026-08-17
INV-101809,"Granite Fleet Services",4511.73,0.2,2026-08-18
INV-101810,"Oakwood Landscaping",471.56,0.2,2026-08-19
INV-101811,"Everline Electrical",5098.31,0.2,2026-08-20
INV-101812,"Foxglove Catering",8048.31,0.2,2026-08-21
INV-101813,"Juniper IT Services",9345.71,0.2,2026-08-22
INV-101814,"Northfield Timber Co",3116.63,0.2,2026-08-23
INV-101815,"Newton Freight",3305.62,0.2,2026-08-24
INV-101816,"Everline Electrical",7148.55,0.2,2026-08-25
INV-101817,"Cascade Office Supplies",4270.21,0.2,2026-08-26
INV-101818,"Northfield Timber Co",5998.37,0.2,2026-08-27
INV-101819,"Ironside Security",4815.35,0.2,2026-08-28
INV-101820,"Harbour Point Packaging",5847.45,0.2,2026-09-01
INV-101821,"Northfield Timber Co",2453.01,0.2,2026-09-02
INV-101822,"Cascade Office Supplies",1205.12,0.2,2026-09-03
INV-101823,"Larkspur Cleaning Contracts",6933.39,0.2,2026-09-04
INV-101824,"Alderman Logistics",8773.51,0.2,2026-09-05
INV-101825,"Cascade Office Supplies",4905.4,0.2,2026-09-06
INV-101826,"Everline Electrical",8990.75,0.2,2026-09-07
INV-101827,"Kestrel Waste Management",3558.07,0.2,2026-09-08
INV-101828,"Delta Facilities Group",7086.02,0.2,2026-09-09
INV-101829,"Northfield Timber Co",7610.03,0.2,2026-09-10
INV-101830,"Pinnacle Consulting",5567.5,0.2,2026-09-11
INV-101831,"Larkspur Cleaning Contracts",7002.72,0.2,2026-09-12
INV-101832,"Larkspur Cleaning Contracts",7313.24,0.2,2026-09-13
INV-101833,"Foxglove Catering",3855.71,0.2,2026-09-14
INV-101834,"Harbour Point Packaging",9137.79,0.2,2026-09-15
INV-101835,"Alderman Logistics",8914,0.2,2026-09-16
INV-101836,"Newton Freight",5659.5,0.2,2026-09-17
INV-101837,"Granite Fleet Services",5501.28,0.2,2026-09-18
INV-101838,"Granite Fleet Services",7807.66,0.2,2026-09-19
INV-101839,"Pinnacle Consulting",9233.99,0.2,2026-09-20
INV-101840,"Kestrel Waste Management",2820.08,0.2,2026-09-21
INV-101841,"Juniper IT Services",5274.73,0.2,2026-09-22
INV-101842,"Delta Facilities Group",1300.87,0.2,2026-09-23
INV-101843,"Kestrel Waste Management",5069.23,0.2,2026-09-24
INV-101844,"Larkspur Cleaning Contracts",3501.72,0.2,2026-09-25
INV-101845,"Northfield Timber Co",4870.9,0.2,2026-09-26
INV-101846,"Northfield Timber Co",5603.64,0.2,2026-09-27
INV-101847,"Harbour Point Packaging",2096.48,0.2,2026-09-28
INV-101848,"Oakwood Landscaping",9263.9,0.2,2026-08-01
INV-101849,"Ironside Security",9204.61,0.2,2026-08-02
INV-101850,"Oakwood Landscaping",728.71,0.2,2026-08-03
INV-101851,"Oakwood Landscaping",4284.24,0.2,2026-08-04
INV-101852,"Ironside Security",7837.05,0.2,2026-08-05
INV-101853,"Berkshire Print & Signage",7085.67,0.2,2026-08-06
INV-101854,"Oakwood Landscaping",2532.69,0.2,2026-08-07
INV-101855,"Solstice Energy Partners",5127.87,0.2,2026-08-08
INV-101856,"Oakwood Landscaping",3559.87,0.2,2026-08-09
INV-101857,"Riverside Maintenance",340.47,0.2,2026-08-10
INV-101858,"Newton Freight",4379.79,0.2,2026-08-11
INV-101859,"Ironside Security",1327.67,0.2,2026-08-12
INV-101860,"Juniper IT Services",506.99,0.2,2026-08-13
INV-101861,"Berkshire Print & Signage",1975.65,0.2,2026-08-14
INV-101862,"Kestrel Waste Management",5415.64,0.2,2026-08-15
INV-101863,"Solstice Energy Partners",4596.35,0.2,2026-08-16
INV-101864,"Kestrel Waste Management",4053.12,0.2,2026-08-17
INV-101865,"Everline Electrical",3041.88,0.2,2026-08-18
INV-101866,"Kestrel Waste Management",883.93,0.2,2026-08-19
INV-101867,"Everline Electrical",6802.69,0.2,2026-08-20
INV-101868,"Newton Freight",2098.66,0.2,2026-08-21
INV-101869,"Kestrel Waste Management",6330.19,0.2,2026-08-22
INV-101870,"Pinnacle Consulting",4678.57,0.2,2026-08-23
INV-101871,"Pinnacle Consulting",6398.1,0.2,2026-08-24
INV-101872,"Riverside Maintenance",5117.83,0.2,2026-08-25
INV-101873,"Larkspur Cleaning Contracts",5798.73,0.2,2026-08-26
INV-101874,"Foxglove Catering",8433.9,0.2,2026-08-27
INV-101875,"Pinnacle Consulting",1099.27,0.2,2026-08-28
INV-101876,"Oakwood Landscaping",1298.25,0.2,2026-09-01
INV-101877,"Kestrel Waste Management",3679.38,0.2,2026-09-02
INV-101878,"Berkshire Print & Signage",836.87,0.2,2026-09-03
INV-101879,"Larkspur Cleaning Contracts",4301.79,0.2,2026-09-04
INV-101880,"Juniper IT Services",3780.14,0.2,2026-09-05
INV-101881,"Pinnacle Consulting",1195.84,0.2,2026-09-06
INV-101882,"Riverside Maintenance",4414.44,0.2,2026-09-07
INV-101883,"Foxglove Catering",143.99,0.2,2026-09-08
INV-101884,"Delta Facilities Group",3580.76,0.2,2026-09-09
INV-101885,"Northfield Timber Co",2469.48,0.2,2026-09-10
INV-101886,"Larkspur Cleaning Contracts",134.16,0.2,2026-09-11
INV-101887,"Ironside Security",1029.29,0.2,2026-09-12
INV-101888,"Cascade Office Supplies",972.76,0.2,2026-09-13
INV-101889,"Berkshire Print & Signage",5402.09,0.2,2026-09-14
INV-101890,"Foxglove Catering",2718.82,0.2,2026-09-15
INV-101891,"Cascade Office Supplies",82.95,0.2,2026-09-16
INV-101892,"Granite Fleet Services",760.94,0.2,2026-09-17
INV-101893,"Alderman Logistics",3496.05,0.2,2026-09-18
INV-101894,"Newton Freight",8671.4,0.2,2026-09-19
INV-101895,"Riverside Maintenance",2552.72,0.2,2026-09-20
INV-101896,"Everline Electrical",6044.72,0.2,2026-09-21
INV-101897,"Cascade Office Supplies",210.91,0.2,2026-09-22
INV-101898,"Berkshire Print & Signage",1276.02,0.2,2026-09-23
INV-101899,"Oakwood Landscaping",3016.15,0.2,2026-09-24
INV-101900,"Foxglove Catering",1940.14,0.2,2026-09-25
INV-101901,"Solstice Energy Partners",6916.97,0.2,2026-09-26
INV-101902,"Juniper IT Services",5630.16,0.2,2026-09-27
INV-101903,"Larkspur Cleaning Contracts",7624.07,0.2,2026-09-28
INV-101904,"Alderman Logistics",5081.48,0.2,2026-08-01
INV-101905,"Riverside Maintenance",8574.2,0.2,2026-08-02
INV-101906,"Ironside Security",5546.05,0.2,2026-08-03
INV-101907,"Pinnacle Consulting",60.49,0.2,2026-08-04
INV-101908,"Oakwood Landscaping",3547.94,0.2,2026-08-05
INV-101909,"Granite Fleet Services",1228.03,0.2,2026-08-06
INV-101910,"Northfield Timber Co",773.93,0.2,2026-08-07
INV-101911,"Northfield Timber Co",9251.9,0.2,2026-08-08
INV-101912,"Ironside Security",5856.52,0.2,2026-08-09
INV-101913,"Berkshire Print & Signage",6296.36,0.2,2026-08-10
INV-101914,"Ironside Security",6324.36,0.2,2026-08-11
INV-101915,"Granite Fleet Services",5341.64,0.2,2026-08-12
INV-101916,"Pinnacle Consulting",7230.43,0.2,2026-08-13
INV-101917,"Granite Fleet Services",4896.4,0.2,2026-08-14
INV-101918,"Everline Electrical",4515.72,0.2,2026-08-15
INV-101919,"Solstice Energy Partners",6540.35,0.2,2026-08-16
INV-101920,"Riverside Maintenance",1395.75,0.2,2026-08-17
INV-101921,"Quarryside Aggregates",6393.69,0.2,2026-08-18
INV-101922,"Oakwood Landscaping",4733.59,0.2,2026-08-19
INV-101923,"Riverside Maintenance",3144.2,0.2,2026-08-20
INV-101924,"Juniper IT Services",7601.46,0.2,2026-08-21
INV-101925,"Alderman Logistics",3997.7,0.2,2026-08-22
INV-101926,"Newton Freight",6684.11,0.2,2026-08-23
INV-101927,"Larkspur Cleaning Contracts",5514.13,0.2,2026-08-24
INV-101928,"Pinnacle Consulting",8099.96,0.2,2026-08-25
INV-101929,"Delta Facilities Group",6948.68,0.2,2026-08-26
INV-101930,"Delta Facilities Group",2950.33,0.2,2026-08-27
INV-101931,"Ironside Security",6492.92,0.2,2026-08-28
INV-101932,"Delta Facilities Group",1434.1,0.2,2026-09-01
INV-101933,"Solstice Energy Partners",7365.26,0.2,2026-09-02
INV-101934,"Solstice Energy Partners",6786.75,0.2,2026-09-03
INV-101935,"Solstice Energy Partners",7987.87,0.2,2026-09-04
INV-101936,"Larkspur Cleaning Contracts",9020.25,0.2,2026-09-05
INV-101937,"Juniper IT Services",4366.46,0.2,2026-09-06
INV-101938,"Delta Facilities Group",1547.76,0.2,2026-09-07
INV-101939,"Harbour Point Packaging",1800.04,0.2,2026-09-08
INV-101940,"Granite Fleet Services",2161.04,0.2,2026-09-09
INV-101941,"Pinnacle Consulting",6355.14,0.2,2026-09-10
INV-101942,"Everline Electrical",5210.25,0.2,2026-09-11
INV-101943,"Quarryside Aggregates",3501.9,0.2,2026-09-12
INV-101944,"Cascade Office Supplies",6432.42,0.2,2026-09-13
INV-101945,"Harbour Point Packaging",5918.55,0.2,2026-09-14
INV-101946,"Pinnacle Consulting",5159.04,0.2,2026-09-15
INV-101947,"Cascade Office Supplies",3556.46,0.2,2026-09-16
INV-101948,"Northfield Timber Co",4950.7,0.2,2026-09-17
INV-101949,"Quarryside Aggregates",1429.75,0.2,2026-09-18
INV-101950,"Quarryside Aggregates",1731.09,0.2,2026-09-19
INV-101951,"Harbour Point Packaging",8143.92,0.2,2026-09-20
INV-101952,"Foxglove Catering",3020.08,0.2,2026-09-21
INV-101953,"Ironside Security",550.75,0.2,2026-09-22
INV-101954,"Newton Freight",7960.57,0.2,2026-09-23
INV-101955,"Oakwood Landscaping",4515.49,0.2,2026-09-24
INV-101956,"Harbour Point Packaging",5891.89,0.2,2026-09-25
INV-101957,"Everline Electrical",4454.21,0.2,2026-09-26
INV-101958,"Alderman Logistics",8387.34,0.2,2026-09-27
INV-101959,"Foxglove Catering",9104.61,0.2,2026-09-28
INV-101960,"Northfield Timber Co",1402.49,0.2,2026-08-01
INV-101961,"Newton Freight",6913.58,0.2,2026-08-02
INV-101962,"Pinnacle Consulting",8997.42,0.2,2026-08-03
INV-101963,"Berkshire Print & Signage",6369.56,0.2,2026-08-04
INV-101964,"Ironside Security",657.93,0.2,2026-08-05
INV-101965,"Berkshire Print & Signage",3055.85,0.2,2026-08-06
INV-101966,"Northfield Timber Co",507.37,0.2,2026-08-07
INV-101967,"Newton Freight",3173.35,0.2,2026-08-08
INV-101968,"Delta Facilities Group",7997.01,0.2,2026-08-09
INV-101969,"Oakwood Landscaping",546.33,0.2,2026-08-10
INV-101970,"Harbour Point Packaging",4940.75,0.2,2026-08-11
INV-101971,"Quarryside Aggregates",9092.7,0.2,2026-08-12
INV-101972,"Everline Electrical",2302.51,0.2,2026-08-13
INV-101973,"Newton Freight",2599.93,0.2,2026-08-14
INV-101974,"Everline Electrical",1079.23,0.2,2026-08-15
INV-101975,"Alderman Logistics",8400.23,0.2,2026-08-16
INV-101976,"Solstice Energy Partners",1781.92,0.2,2026-08-17
INV-101977,"Juniper IT Services",6090.06,0.2,2026-08-18
INV-101978,"Larkspur Cleaning Contracts",8205.94,0.2,2026-08-19
INV-101979,"Berkshire Print & Signage",919.56,0.2,2026-08-20
INV-101980,"Ironside Security",8922.94,0.2,2026-08-21
INV-101981,"Oakwood Landscaping",7039.87,0.2,2026-08-22
INV-101982,"Delta Facilities Group",1807.19,0.2,2026-08-23
INV-101983,"Oakwood Landscaping",6419.14,0.2,2026-08-24
INV-101984,"Newton Freight",5414.74,0.2,2026-08-25
INV-101985,"Kestrel Waste Management",9314.56,0.2,2026-08-26
INV-101986,"Newton Freight",7698.57,0.2,2026-08-27
INV-101987,"Newton Freight",2691.16,0.2,2026-08-28
INV-101988,"Pinnacle Consulting",586.29,0.2,2026-09-01
INV-101989,"Alderman Logistics",1216.05,0.2,2026-09-02
INV-101990,"Berkshire Print & Signage",5831.6,0.2,2026-09-03
INV-101991,"Pinnacle Consulting",2772.68,0.2,2026-09-04
INV-101992,"Pinnacle Consulting",820.7,0.2,2026-09-05
INV-101993,"Juniper IT Services",2128.97,0.2,2026-09-06
INV-101994,"Ironside Security",4562,0.2,2026-09-07
INV-101995,"Kestrel Waste Management",9361.21,0.2,2026-09-08
INV-101996,"Cascade Office Supplies",9220.02,0.2,2026-09-09
INV-101997,"Ironside Security",2224.32,0.2,2026-09-10
INV-101998,"Pinnacle Consulting",5210.39,0.2,2026-09-11
INV-101999,"Quarryside Aggregates",6027.13,0.2,2026-09-12
INV-102000,"Berkshire Print & Signage",3192.6,0.2,2026-09-13
INV-102001,"Larkspur Cleaning Contracts",7104.56,0.2,2026-09-14
INV-102002,"Kestrel Waste Management",8209.17,0.2,2026-09-15
INV-102003,"Solstice Energy Partners",1309.79,0.2,2026-09-16
INV-102004,"Ironside Security",6903.44,0.2,2026-09-17
INV-102005,"Granite Fleet Services",8781.68,0.2,2026-09-18
INV-102006,"Juniper IT Services",278.55,0.2,2026-09-19
INV-102007,"Delta Facilities Group",1987.26,0.2,2026-09-20
INV-102008,"Foxglove Catering",8567.34,0.2,2026-09-21
INV-102009,"Everline Electrical",4706.86,0.2,2026-09-22
INV-102010,"Newton Freight",5616.8,0.2,2026-09-23
INV-102011,"Alderman Logistics",8969.91,0.2,2026-09-24
INV-102012,"Alderman Logistics",7619.32,0.2,2026-09-25
INV-102013,"Harbour Point Packaging",8634.39,0.2,2026-09-26
INV-102014,"Kestrel Waste Management",4350.68,0.2,2026-09-27
INV-102015,"Solstice Energy Partners",4746.79,0.2,2026-09-28
INV-102016,"Northfield Timber Co",8795.52,0.2,2026-08-01
INV-102017,"Harbour Point Packaging",5345.91,0.2,2026-08-02
INV-102018,"Larkspur Cleaning Contracts",1522.02,0.2,2026-08-03
INV-102019,"Everline Electrical",3256.52,0.2,2026-08-04
INV-102020,"Alderman Logistics",4243.3,0.2,2026-08-05
INV-102021,"Everline Electrical",7265.03,0.2,2026-08-06
INV-102022,"Foxglove Catering",6754.42,0.2,2026-08-07
INV-102023,"Kestrel Waste Management",7105.75,0.2,2026-08-08
INV-102024,"Larkspur Cleaning Contracts",5163.42,0.2,2026-08-09
INV-102025,"Juniper IT Services",3936.32,0.2,2026-08-10
INV-102026,"Berkshire Print & Signage",324.33,0.2,2026-08-11
INV-102027,"Larkspur Cleaning Contracts",4469.35,0.2,2026-08-12
INV-102028,"Foxglove Catering",9392.56,0.2,2026-08-13
INV-102029,"Delta Facilities Group",9406.82,0.2,2026-08-14
INV-102030,"Oakwood Landscaping",8908.49,0.2,2026-08-15
INV-102031,"Granite Fleet Services",591.7,0.2,2026-08-16
INV-102032,"Granite Fleet Services",1573.21,0.2,2026-08-17
INV-102033,"Delta Facilities Group",7382.32,0.2,2026-08-18
INV-102034,"Northfield Timber Co",8813.77,0.2,2026-08-19
INV-102035,"Harbour Point Packaging",989.77,0.2,2026-08-20
INV-102036,"Solstice Energy Partners",8745.32,0.2,2026-08-21
INV-102037,"Pinnacle Consulting",173.79,0.2,2026-08-22
INV-102038,"Oakwood Landscaping",4477.52,0.2,2026-08-23
INV-102039,"Harbour Point Packaging",1860.07,0.2,2026-08-24
INV-102040,"Ironside Security",350.98,0.2,2026-08-25
INV-102041,"Solstice Energy Partners",6494.91,0.2,2026-08-26
INV-102042,"Northfield Timber Co",6132.34,0.2,2026-08-27
INV-102043,"Alderman Logistics",2460.72,0.2,2026-08-28
INV-102044,"Larkspur Cleaning Contracts",3640.45,0.2,2026-09-01
INV-102045,"Newton Freight",6948.69,0.2,2026-09-02
INV-102046,"Pinnacle Consulting",7769.04,0.2,2026-09-03
INV-102047,"Oakwood Landscaping",7118.59,0.2,2026-09-04
INV-102048,"Alderman Logistics",7114.21,0.2,2026-09-05
INV-102049,"Oakwood Landscaping",2690.68,0.2,2026-09-06
INV-102050,"Juniper IT Services",8354.08,0.2,2026-09-07
INV-102051,"Newton Freight",9283.47,0.2,2026-09-08
INV-102052,"Quarryside Aggregates",7760.93,0.2,2026-09-09
INV-102053,"Everline Electrical",103.11,0.2,2026-09-10
INV-102054,"Northfield Timber Co",6230.73,0.2,2026-09-11
INV-102055,"Quarryside Aggregates",4738.2,0.2,2026-09-12
INV-102056,"Oakwood Landscaping",9041.12,0.2,2026-09-13
INV-102057,"Northfield Timber Co",612.71,0.2,2026-09-14
INV-102058,"Alderman Logistics",5696.78,0.2,2026-09-15
INV-102059,"Larkspur Cleaning Contracts",5438.63,0.2,2026-09-16
INV-102060,"Alderman Logistics",1346.82,0.2,2026-09-17
INV-102061,"Alderman Logistics",1435.41,0.2,2026-09-18
INV-102062,"Pinnacle Consulting",7062.13,0.2,2026-09-19
INV-102063,"Oakwood Landscaping",5932.69,0.2,2026-09-20
INV-102064,"Ironside Security",1790.67,0.2,2026-09-21
INV-102065,"Cascade Office Supplies",8867.97,0.2,2026-09-22
INV-102066,"Riverside Maintenance",4273.18,0.2,2026-09-23
INV-102067,"Larkspur Cleaning Contracts",7596.03,0.2,2026-09-24
INV-102068,"Juniper IT Services",4721.48,0.2,2026-09-25
INV-102069,"Cascade Office Supplies",6797.37,0.2,2026-09-26
INV-102070,"Oakwood Landscaping",3894.39,0.2,2026-09-27
INV-102071,"Harbour Point Packaging",7692.94,0.2,2026-09-28
INV-102072,"Juniper IT Services",4747.4,0.2,2026-08-01
INV-102073,"Quarryside Aggregates",5614.17,0.2,2026-08-02
INV-102074,"Juniper IT Services",7918.99,0.2,2026-08-03
INV-102075,"Juniper IT Services",7205.55,0.2,2026-08-04
INV-102076,"Ironside Security",3514.43,0.2,2026-08-05
INV-102077,"Quarryside Aggregates",930.47,0.2,2026-08-06
INV-102078,"Harbour Point Packaging",9418.46,0.2,2026-08-07
INV-102079,"Newton Freight",4593.36,0.2,2026-08-08
INV-102080,"Berkshire Print & Signage",5674.92,0.2,2026-08-09
INV-102081,"Northfield Timber Co",3860.13,0.2,2026-08-10
INV-102082,"Alderman Logistics",7823.67,0.2,2026-08-11
INV-102083,"Granite Fleet Services",5005.54,0.2,2026-08-12
INV-102084,"Larkspur Cleaning Contracts",5838.7,0.2,2026-08-13
INV-102085,"Quarryside Aggregates",3056.87,0.2,2026-08-14
INV-102086,"Newton Freight",2014.44,0.2,2026-08-15
INV-102087,"Ironside Security",2703.93,0.2,2026-08-16
INV-102088,"Harbour Point Packaging",4445.58,0.2,2026-08-17
INV-102089,"Pinnacle Consulting",8162.11,0.2,2026-08-18
INV-102090,"Oakwood Landscaping",580.06,0.2,2026-08-19
INV-102091,"Riverside Maintenance",2364.16,0.2,2026-08-20
INV-102092,"Northfield Timber Co",7326.36,0.2,2026-08-21
INV-102093,"Granite Fleet Services",8373.73,0.2,2026-08-22
INV-102094,"Ironside Security",4738.37,0.2,2026-08-23
INV-102095,"Larkspur Cleaning Contracts",6414,0.2,2026-08-24
INV-102096,"Berkshire Print & Signage",1581.51,0.2,2026-08-25
INV-102097,"Berkshire Print & Signage",1933.47,0.2,2026-08-26
INV-102098,"Oakwood Landscaping",2100.79,0.2,2026-08-27
INV-102099,"Berkshire Print & Signage",7705.49,0.2,2026-08-28
INV-102100,"Juniper IT Services",6058.91,0.2,2026-09-01
INV-102101,"Berkshire Print & Signage",7812.39,0.2,2026-09-02
INV-102102,"Larkspur Cleaning Contracts",4200,0.2,2026-09-03
INV-102103,"Alderman Logistics",5008.64,0.2,2026-09-04
INV-102104,"Newton Freight",5597.18,0.2,2026-09-05
INV-102105,"Harbour Point Packaging",2784.4,0.2,2026-09-06
INV-102106,"Quarryside Aggregates",62.44,0.2,2026-09-07
INV-102107,"Newton Freight",9322.97,0.2,2026-09-08
INV-102108,"Newton Freight",2932.51,0.2,2026-09-09
INV-102109,"Northfield Timber Co",7674.33,0.2,2026-09-10
INV-102110,"Pinnacle Consulting",735.41,0.2,2026-09-11
INV-102111,"Berkshire Print & Signage",3740.93,0.2,2026-09-12
INV-102112,"Everline Electrical",2170.04,0.2,2026-09-13
INV-102113,"Delta Facilities Group",7815.77,0.2,2026-09-14
INV-102114,"Juniper IT Services",301.42,0.2,2026-09-15
INV-102115,"Larkspur Cleaning Contracts",2443.6,0.2,2026-09-16
INV-102116,"Foxglove Catering",1274.15,0.2,2026-09-17
INV-102117,"Larkspur Cleaning Contracts",3291.27,0.2,2026-09-18
INV-102118,"Ironside Security",2824.26,0.2,2026-09-19
INV-102119,"Granite Fleet Services",105.58,0.2,2026-09-20
INV-102120,"Oakwood Landscaping",6198.82,0.2,2026-09-21
INV-102121,"Everline Electrical",2651.62,0.2,2026-09-22
INV-102122,"Solstice Energy Partners",2013.53,0.2,2026-09-23
INV-102123,"Larkspur Cleaning Contracts",6668.5,0.2,2026-09-24
INV-102124,"Riverside Maintenance",768.63,0.2,2026-09-25
INV-102125,"Ironside Security",4569.6,0.2,2026-09-26
INV-102126,"Ironside Security",8156.88,0.2,2026-09-27
INV-102127,"Solstice Energy Partners",7093.98,0.2,2026-09-28
INV-102128,"Newton Freight",2788.68,0.2,2026-08-01
INV-102129,"Larkspur Cleaning Contracts",5263.78,0.2,2026-08-02
INV-102130,"Quarryside Aggregates",4077.25,0.2,2026-08-03
INV-102131,"Riverside Maintenance",1163.94,0.2,2026-08-04
INV-102132,"Cascade Office Supplies",5971.65,0.2,2026-08-05
INV-102133,"Riverside Maintenance",7037.26,0.2,2026-08-06
INV-102134,"Oakwood Landscaping",577.35,0.2,2026-08-07
INV-102135,"Ironside Security",4885.78,0.2,2026-08-08
INV-102136,"Delta Facilities Group",2361.92,0.2,2026-08-09
INV-102137,"Riverside Maintenance",1000.9,0.2,2026-08-10
INV-102138,"Solstice Energy Partners",237.36,0.2,2026-08-11
INV-102139,"Harbour Point Packaging",5748.8,0.2,2026-08-12
INV-102140,"Granite Fleet Services",9191.22,0.2,2026-08-13
INV-102141,"Solstice Energy Partners",1139.61,0.2,2026-08-14
INV-102142,"Alderman Logistics",5341.84,0.2,2026-08-15
INV-102143,"Northfield Timber Co",6912.94,0.2,2026-08-16
INV-102144,"Northfield Timber Co",4383,0.2,2026-08-17
INV-102145,"Pinnacle Consulting",9311.2,0.2,2026-08-18
INV-102146,"Quarryside Aggregates",7791.29,0.2,2026-08-19
INV-102147,"Riverside Maintenance",9131.14,0.2,2026-08-20
INV-102148,"Juniper IT Services",2688.3,0.2,2026-08-21
INV-102149,"Berkshire Print & Signage",5009.93,0.2,2026-08-22
INV-102150,"Ironside Security",802.89,0.2,2026-08-23
INV-102151,"Oakwood Landscaping",915.12,0.2,2026-08-24
INV-102152,"Foxglove Catering",9102.25,0.2,2026-08-25
INV-102153,"Riverside Maintenance",2798.14,0.2,2026-08-26
INV-102154,"Pinnacle Consulting",9352.95,0.2,2026-08-27
INV-102155,"Solstice Energy Partners",5241.89,0.2,2026-08-28
INV-102156,"Alderman Logistics",4180.43,0.2,2026-09-01
INV-102157,"Granite Fleet Services",2752.61,0.2,2026-09-02
INV-102158,"Foxglove Catering",8660.04,0.2,2026-09-03
INV-102159,"Quarryside Aggregates",7778.55,0.2,2026-09-04
INV-102160,"Newton Freight",5954.87,0.2,2026-09-05
INV-102161,"Pinnacle Consulting",3463.31,0.2,2026-09-06
INV-102162,"Harbour Point Packaging",5947.41,0.2,2026-09-07
INV-102163,"Delta Facilities Group",4202.68,0.2,2026-09-08
INV-102164,"Foxglove Catering",7406.24,0.2,2026-09-09
INV-102165,"Solstice Energy Partners",2873.31,0.2,2026-09-10
INV-102166,"Delta Facilities Group",178.05,0.2,2026-09-11
INV-102167,"Berkshire Print & Signage",3124.36,0.2,2026-09-12
INV-102168,"Cascade Office Supplies",3733.44,0.2,2026-09-13
INV-102169,"Pinnacle Consulting",7676.89,0.2,2026-09-14
INV-102170,"Harbour Point Packaging",887.97,0.2,2026-09-15
INV-102171,"Alderman Logistics",8367.06,0.2,2026-09-16
INV-102172,"Cascade Office Supplies",7931.6,0.2,2026-09-17
INV-102173,"Newton Freight",4528.73,0.2,2026-09-18
INV-102174,"Ironside Security",8785.39,0.2,2026-09-19
INV-102175,"Oakwood Landscaping",245.02,0.2,2026-09-20
INV-102176,"Harbour Point Packaging",3706.84,0.2,2026-09-21
INV-102177,"Northfield Timber Co",1425.87,0.2,2026-09-22
INV-102178,"Newton Freight",5072.12,0.2,2026-09-23
INV-102179,"Juniper IT Services",8784.99,0.2,2026-09-24
INV-102180,"Larkspur Cleaning Contracts",9257.65,0.2,2026-09-25
INV-102181,"Cascade Office Supplies",4126.85,0.2,2026-09-26
INV-102182,"Harbour Point Packaging",7971.25,0.2,2026-09-27
INV-102183,"Juniper IT Services",1070.67,0.2,2026-09-28
INV-102184,"Kestrel Waste Management",8867.21,0.2,2026-08-01
INV-102185,"Cascade Office Supplies",2034.95,0.2,2026-08-02
INV-102186,"Pinnacle Consulting",7860.37,0.2,2026-08-03
INV-102187,"Granite Fleet Services",339.86,0.2,2026-08-04
INV-102188,"Cascade Office Supplies",2490.27,0.2,2026-08-05
INV-102189,"Delta Facilities Group",3405.78,0.2,2026-08-06
INV-102190,"Oakwood Landscaping",2903.35,0.2,2026-08-07
INV-102191,"Delta Facilities Group",9225.17,0.2,2026-08-08
INV-102192,"Granite Fleet Services",4354.18,0.2,2026-08-09
INV-102193,"Pinnacle Consulting",610.31,0.2,2026-08-10
INV-102194,"Everline Electrical",4901.09,0.2,2026-08-11
INV-102195,"Alderman Logistics",1725.34,0.2,2026-08-12
INV-102196,"Alderman Logistics",8118.57,0.2,2026-08-13
INV-102197,"Alderman Logistics",5639.52,0.2,2026-08-14
INV-102198,"Northfield Timber Co",7051.68,0.2,2026-08-15
INV-102199,"Foxglove Catering",6188.5,0.2,2026-08-16
INV-102200,"Everline Electrical",1261.82,0.2,2026-08-17
INV-102201,"Northfield Timber Co",3779.38,0.2,2026-08-18
INV-102202,"Alderman Logistics",7196.55,0.2,2026-08-19
INV-102203,"Pinnacle Consulting",1494.76,0.2,2026-08-20
INV-102204,"Harbour Point Packaging",6874.3,0.2,2026-08-21
INV-102205,"Newton Freight",8242.86,0.2,2026-08-22
INV-102206,"Ironside Security",7057.96,0.2,2026-08-23
INV-102207,"Riverside Maintenance",1131.75,0.2,2026-08-24
INV-102208,"Berkshire Print & Signage",4451.8,0.2,2026-08-25
INV-102209,"Everline Electrical",2292.64,0.2,2026-08-26
INV-102210,"Alderman Logistics",8800.23,0.2,2026-08-27
INV-102211,"Harbour Point Packaging",6694.45,0.2,2026-08-28
INV-102212,"Larkspur Cleaning Contracts",6602.42,0.2,2026-09-01
INV-102213,"Larkspur Cleaning Contracts",7603.06,0.2,2026-09-02
INV-102214,"Foxglove Catering",7866.09,0.2,2026-09-03
INV-102215,"Foxglove Catering",7183.1,0.2,2026-09-04
INV-102216,"Northfield Timber Co",1704.94,0.2,2026-09-05
INV-102217,"Everline Electrical",7296.94,0.2,2026-09-06
INV-102218,"Riverside Maintenance",1627.54,0.2,2026-09-07
INV-102219,"Northfield Timber Co",7536.95,0.2,2026-09-08
INV-102220,"Pinnacle Consulting",3299.77,0.2,2026-09-09
INV-102221,"Newton Freight",7109.76,0.2,2026-09-10
INV-102222,"Harbour Point Packaging",539.49,0.2,2026-09-11
INV-102223,"Northfield Timber Co",3817.24,0.2,2026-09-12
INV-102224,"Oakwood Landscaping",2469.46,0.2,2026-09-13
INV-102225,"Northfield Timber Co",4964.28,0.2,2026-09-14
INV-102226,"Oakwood Landscaping",5912.13,0.2,2026-09-15
INV-102227,"Quarryside Aggregates",9037.12,0.2,2026-09-16
INV-102228,"Solstice Energy Partners",4436.71,0.2,2026-09-17
INV-102229,"Quarryside Aggregates",4969.3,0.2,2026-09-18
INV-102230,"Quarryside Aggregates",1249.95,0.2,2026-09-19
INV-102231,"Riverside Maintenance",2549.68,0.2,2026-09-20
INV-102232,"Granite Fleet Services",7111.47,0.2,2026-09-21
INV-102233,"Newton Freight",2273.9,0.2,2026-09-22
INV-102234,"Granite Fleet Services",7635.63,0.2,2026-09-23
INV-102235,"Quarryside Aggregates",5687.69,0.2,2026-09-24
INV-102236,"Pinnacle Consulting",5918.1,0.2,2026-09-25
INV-102237,"Oakwood Landscaping",2513.45,0.2,2026-09-26
INV-102238,"Newton Freight",1711.05,0.2,2026-09-27
INV-102239,"Alderman Logistics",5984.76,0.2,2026-09-28
INV-102240,"Harbour Point Packaging",591.27,0.2,2026-08-01
INV-102241,"Harbour Point Packaging",1558.03,0.2,2026-08-02
INV-102242,"Kestrel Waste Management",8035.1,0.2,2026-08-03
INV-102243,"Harbour Point Packaging",9428.63,0.2,2026-08-04
INV-102244,"Riverside Maintenance",2841.37,0.2,2026-08-05
INV-102245,"Everline Electrical",3597.07,0.2,2026-08-06
INV-102246,"Juniper IT Services",7645.91,0.2,2026-08-07
INV-102247,"Oakwood Landscaping",1455.02,0.2,2026-08-08
INV-102248,"Alderman Logistics",3489.53,0.2,2026-08-09
INV-102249,"Riverside Maintenance",4437.69,0.2,2026-08-10
INV-102250,"Northfield Timber Co",9083.08,0.2,2026-08-11
INV-102251,"Meridian Supplies Ltd",2030.42,0.2,2026-08-12
INV-102252,"Berkshire Print & Signage",217.68,0.2,2026-08-13
INV-102253,"Oakwood Landscaping",4022.13,0.2,2026-08-14
INV-102254,"Juniper IT Services",4202.64,0.2,2026-08-15
INV-102255,"Ironside Security",388.33,0.2,2026-08-16
INV-102256,"Ironside Security",4628.99,0.2,2026-08-17
INV-102257,"Pinnacle Consulting",1559.6,0.2,2026-08-18
INV-102258,"Oakwood Landscaping",6046.77,0.2,2026-08-19
INV-102259,"Pinnacle Consulting",2095.58,0.2,2026-08-20
INV-102260,"Foxglove Catering",884.9,0.2,2026-08-21
INV-102261,"Larkspur Cleaning Contracts",4629.07,0.2,2026-08-22
INV-102262,"Northfield Timber Co",6217.25,0.2,2026-08-23
INV-102263,"Granite Fleet Services",8550.67,0.2,2026-08-24
INV-102264,"Kestrel Waste Management",2649.05,0.2,2026-08-25
INV-102265,"Larkspur Cleaning Contracts",1130.39,0.2,2026-08-26
INV-102266,"Newton Freight",3155.91,0.2,2026-08-27
INV-102267,"Everline Electrical",6746.08,0.2,2026-08-28
INV-102268,"Pinnacle Consulting",7389.39,0.2,2026-09-01
INV-102269,"Cascade Office Supplies",7384.55,0.2,2026-09-02
INV-102270,"Granite Fleet Services",4613.75,0.2,2026-09-03
INV-102271,"Delta Facilities Group",5610.73,0.2,2026-09-04
INV-102272,"Solstice Energy Partners",1544.52,0.2,2026-09-05
INV-102273,"Oakwood Landscaping",8087.32,0.2,2026-09-06
INV-102274,"Newton Freight",3027.88,0.2,2026-09-07
INV-102275,"Foxglove Catering",295.54,0.2,2026-09-08
INV-102276,"Northfield Timber Co",7387.76,0.2,2026-09-09
INV-102277,"Berkshire Print & Signage",6006.51,0.2,2026-09-10
INV-102278,"Berkshire Print & Signage",804.33,0.2,2026-09-11
INV-102279,"Cascade Office Supplies",7242.06,0.2,2026-09-12
INV-102280,"Granite Fleet Services",476.59,0.2,2026-09-13
INV-102281,"Northfield Timber Co",2176.32,0.2,2026-09-14
INV-102282,"Foxglove Catering",8220.04,0.2,2026-09-15
INV-102283,"Pinnacle Consulting",2801.51,0.2,2026-09-16
INV-102284,"Delta Facilities Group",4230.61,0.2,2026-09-17
INV-102285,"Foxglove Catering",4985.89,0.2,2026-09-18
INV-102286,"Kestrel Waste Management",2117.15,0.2,2026-09-19
INV-102287,"Pinnacle Consulting",6191.65,0.2,2026-09-20
INV-102288,"Foxglove Catering",1899.48,0.2,2026-09-21
INV-102289,"Newton Freight",4152.23,0.2,2026-09-22
INV-102290,"Juniper IT Services",1295.24,0.2,2026-09-23
INV-102291,"Northfield Timber Co",2934.89,0.2,2026-09-24
INV-102292,"Northfield Timber Co",9012.89,0.2,2026-09-25
INV-102293,"Alderman Logistics",9068.87,0.2,2026-09-26
INV-102294,"Berkshire Print & Signage",2711.61,0.2,2026-09-27
INV-102295,"Everline Electrical",1604.53,0.2,2026-09-28
INV-102296,"Oakwood Landscaping",9120.45,0.2,2026-08-01
INV-102297,"Cascade Office Supplies",3560.83,0.2,2026-08-02
INV-102298,"Harbour Point Packaging",7373.88,0.2,2026-08-03
INV-102299,"Larkspur Cleaning Contracts",9350.61,0.2,2026-08-04
INV-102300,"Northfield Timber Co",5068.33,0.2,2026-08-05
INV-102301,"Ironside Security",8354.82,0.2,2026-08-06
INV-102302,"Cascade Office Supplies",9103.89,0.2,2026-08-07
INV-102303,"Berkshire Print & Signage",5661.68,0.2,2026-08-08
INV-102304,"Riverside Maintenance",4605.36,0.2,2026-08-09
INV-102305,"Harbour Point Packaging",489.05,0.2,2026-08-10
INV-102306,"Quarryside Aggregates",7298.09,0.2,2026-08-11
INV-102307,"Solstice Energy Partners",5506.37,0.2,2026-08-12
INV-102308,"Harbour Point Packaging",5413.97,0.2,2026-08-13
INV-102309,"Juniper IT Services",8097.56,0.2,2026-08-14
INV-102310,"Riverside Maintenance",8661.13,0.2,2026-08-15
INV-102311,"Solstice Energy Partners",3556.05,0.2,2026-08-16
INV-102312,"Juniper IT Services",6322.96,0.2,2026-08-17
INV-102313,"Alderman Logistics",429.33,0.2,2026-08-18
INV-102314,"Newton Freight",7321.78,0.2,2026-08-19
INV-102315,"Juniper IT Services",4273,0.2,2026-08-20
INV-102316,"Larkspur Cleaning Contracts",180.04,0.2,2026-08-21
INV-102317,"Ironside Security",8621.94,0.2,2026-08-22
INV-102318,"Newton Freight",2340.95,0.2,2026-08-23
INV-102319,"Delta Facilities Group",4596.64,0.2,2026-08-24
INV-102320,"Alderman Logistics",5670.56,0.2,2026-08-25
INV-102321,"Quarryside Aggregates",7861.05,0.2,2026-08-26
INV-102322,"Larkspur Cleaning Contracts",4326.75,0.2,2026-08-27
INV-102323,"Newton Freight",9086.93,0.2,2026-08-28
INV-102324,"Quarryside Aggregates",4154.95,0.2,2026-09-01
INV-102325,"Pinnacle Consulting",9321.4,0.2,2026-09-02
INV-102326,"Solstice Energy Partners",1578.79,0.2,2026-09-03
INV-102327,"Oakwood Landscaping",9251.43,0.2,2026-09-04
INV-102328,"Everline Electrical",8934.35,0.2,2026-09-05
INV-102329,"Everline Electrical",9331.16,0.2,2026-09-06
INV-102330,"Quarryside Aggregates",7843.63,0.2,2026-09-07
INV-102331,"Juniper IT Services",2416.89,0.2,2026-09-08
INV-102332,"Larkspur Cleaning Contracts",7360.01,0.2,2026-09-09
INV-102333,"Quarryside Aggregates",9222.51,0.2,2026-09-10
INV-102334,"Granite Fleet Services",8438.46,0.2,2026-09-11
INV-102335,"Kestrel Waste Management",5102.83,0.2,2026-09-12
INV-102336,"Pinnacle Consulting",1051.45,0.2,2026-09-13
INV-102337,"Solstice Energy Partners",5984.68,0.2,2026-09-14
INV-102338,"Cascade Office Supplies",8736.27,0.2,2026-09-15
INV-102339,"Kestrel Waste Management",7711.68,0.2,2026-09-16
INV-102340,"Pinnacle Consulting",2630.71,0.2,2026-09-17
INV-102341,"Cascade Office Supplies",6928.12,0.2,2026-09-18
INV-102342,"Solstice Energy Partners",8501.5,0.2,2026-09-19
INV-102343,"Riverside Maintenance",4753.24,0.2,2026-09-20
INV-102344,"Harbour Point Packaging",2300.36,0.2,2026-09-21
INV-102345,"Cascade Office Supplies",2949.64,0.2,2026-09-22
INV-102346,"Cascade Office Supplies",3725.15,0.2,2026-09-23
INV-102347,"Cascade Office Supplies",51.51,0.2,2026-09-24
INV-102348,"Larkspur Cleaning Contracts",7539.9,0.2,2026-09-25
INV-102349,"Pinnacle Consulting",6106.09,0.2,2026-09-26
INV-102350,"Northfield Timber Co",3322.43,0.2,2026-09-27
INV-102351,"Larkspur Cleaning Contracts",3164.85,0.2,2026-09-28
INV-102352,"Berkshire Print & Signage",3049.17,0.2,2026-08-01
INV-102353,"Berkshire Print & Signage",8814.91,0.2,2026-08-02
INV-102354,"Berkshire Print & Signage",4887.83,0.2,2026-08-03
INV-102355,"Pinnacle Consulting",6897.39,0.2,2026-08-04
INV-102356,"Solstice Energy Partners",1648.17,0.2,2026-08-05
INV-102357,"Harbour Point Packaging",2381.31,0.2,2026-08-06
INV-102358,"Newton Freight",8308.73,0.2,2026-08-07
INV-102359,"Delta Facilities Group",7136.74,0.2,2026-08-08
INV-102360,"Newton Freight",5599.01,0.2,2026-08-09
INV-102361,"Cascade Office Supplies",6271.32,0.2,2026-08-10
INV-102362,"Delta Facilities Group",6115.81,0.2,2026-08-11
INV-102363,"Kestrel Waste Management",9187.94,0.2,2026-08-12
INV-102364,"Newton Freight",4331.23,0.2,2026-08-13
INV-102365,"Ironside Security",3039.05,0.2,2026-08-14
INV-102366,"Newton Freight",8597.19,0.2,2026-08-15
INV-102367,"Harbour Point Packaging",8026.07,0.2,2026-08-16
INV-102368,"Northfield Timber Co",9049.16,0.2,2026-08-17
INV-102369,"Delta Facilities Group",6254.1,0.2,2026-08-18
INV-102370,"Pinnacle Consulting",879.34,0.2,2026-08-19
INV-102371,"Solstice Energy Partners",2475.52,0.2,2026-08-20
INV-102372,"Solstice Energy Partners",5246.68,0.2,2026-08-21
INV-102373,"Newton Freight",1991.98,0.2,2026-08-22
INV-102374,"Riverside Maintenance",5912.62,0.2,2026-08-23
INV-102375,"Quarryside Aggregates",3385.26,0.2,2026-08-24
INV-102376,"Cascade Office Supplies",1875.89,0.2,2026-08-25
INV-102377,"Alderman Logistics",1486.16,0.2,2026-08-26
INV-102378,"Foxglove Catering",7105.1,0.2,2026-08-27
INV-102379,"Foxglove Catering",8473.69,0.2,2026-08-28
INV-102380,"Juniper IT Services",1783.19,0.2,2026-09-01
INV-102381,"Foxglove Catering",7243.85,0.2,2026-09-02
INV-102382,"Alderman Logistics",2678.59,0.2,2026-09-03
INV-102383,"Granite Fleet Services",1132.53,0.2,2026-09-04
INV-102384,"Riverside Maintenance",4012.09,0.2,2026-09-05
INV-102385,"Solstice Energy Partners",7306.05,0.2,2026-09-06
INV-102386,"Riverside Maintenance",7745.84,0.2,2026-09-07
INV-102387,"Granite Fleet Services",6639.05,0.2,2026-09-08
INV-102388,"Newton Freight",4083.42,0.2,2026-09-09
INV-102389,"Granite Fleet Services",2248.55,0.2,2026-09-10
INV-102390,"Cascade Office Supplies",626.88,0.2,2026-09-11
INV-102391,"Kestrel Waste Management",7069.08,0.2,2026-09-12
INV-102392,"Solstice Energy Partners",2480.92,0.2,2026-09-13
INV-102393,"Quarryside Aggregates",2458.89,0.2,2026-09-14
INV-102394,"Ironside Security",8244.7,0.2,2026-09-15
INV-102395,"Newton Freight",7117.02,0.2,2026-09-16
INV-102396,"Solstice Energy Partners",8636.3,0.2,2026-09-17
INV-102397,"Berkshire Print & Signage",3336.52,0.2,2026-09-18
INV-102398,"Ironside Security",7294.17,0.2,2026-09-19
INV-102399,"Alderman Logistics",697.49,0.2,2026-09-20
INV-102400,"Quarryside Aggregates",1955.88,0.2,2026-09-21
INV-102401,"Oakwood Landscaping",7986.45,0.2,2026-09-22
INV-102402,"Pinnacle Consulting",3355.55,0.2,2026-09-23
INV-102403,"Cascade Office Supplies",3362.67,0.2,2026-09-24
INV-102404,"Oakwood Landscaping",7598.3,0.2,2026-09-25
INV-102405,"Pinnacle Consulting",1332.64,0.2,2026-09-26
INV-102406,"Northfield Timber Co",3559.95,0.2,2026-09-27
INV-102407,"Quarryside Aggregates",8055.28,0.2,2026-09-28
INV-102408,"Larkspur Cleaning Contracts",4384.87,0.2,2026-08-01
INV-102409,"Everline Electrical",7787.44,0.2,2026-08-02
INV-102410,"Granite Fleet Services",4012.67,0.2,2026-08-03
INV-102411,"Granite Fleet Services",7304.89,0.2,2026-08-04
INV-102412,"Cascade Office Supplies",9443.35,0.2,2026-08-05
INV-102413,"Harbour Point Packaging",4623.63,0.2,2026-08-06
INV-102414,"Harbour Point Packaging",3810.48,0.2,2026-08-07
INV-102415,"Newton Freight",5072.15,0.2,2026-08-08
INV-102416,"Cascade Office Supplies",1543.71,0.2,2026-08-09
INV-102417,"Berkshire Print & Signage",8087.39,0.2,2026-08-10
INV-102418,"Delta Facilities Group",6373.45,0.2,2026-08-11
INV-102419,"Delta Facilities Group",6638.14,0.2,2026-08-12
INV-102420,"Northfield Timber Co",1976.54,0.2,2026-08-13
INV-102421,"Foxglove Catering",3591.78,0.2,2026-08-14
INV-102422,"Cascade Office Supplies",1959.95,0.2,2026-08-15
INV-102423,"Riverside Maintenance",2356.71,0.2,2026-08-16
INV-102424,"Juniper IT Services",2817.03,0.2,2026-08-17
INV-102425,"Quarryside Aggregates",8485,0.2,2026-08-18
INV-102426,"Larkspur Cleaning Contracts",8756.06,0.2,2026-08-19
INV-102427,"Riverside Maintenance",236.15,0.2,2026-08-20
INV-102428,"Cascade Office Supplies",2472.3,0.2,2026-08-21
INV-102429,"Northfield Timber Co",5362,0.2,2026-08-22
INV-102430,"Cascade Office Supplies",7465.88,0.2,2026-08-23
INV-102431,"Ironside Security",2510.35,0.2,2026-08-24
INV-102432,"Granite Fleet Services",8457.77,0.2,2026-08-25
INV-102433,"Quarryside Aggregates",7989.79,0.2,2026-08-26
INV-102434,"Northfield Timber Co",3602.27,0.2,2026-08-27
INV-102435,"Foxglove Catering",5915.2,0.2,2026-08-28
INV-102436,"Ironside Security",5088.29,0.2,2026-09-01
INV-102437,"Quarryside Aggregates",4849.36,0.2,2026-09-02
INV-102438,"Harbour Point Packaging",7074.54,0.2,2026-09-03
INV-102439,"Newton Freight",5308.36,0.2,2026-09-04
INV-102440,"Everline Electrical",2892.62,0.2,2026-09-05
INV-102441,"Cascade Office Supplies",8884.99,0.2,2026-09-06
INV-102442,"Granite Fleet Services",7171.32,0.2,2026-09-07
INV-102443,"Berkshire Print & Signage",2849.03,0.2,2026-09-08
INV-102444,"Pinnacle Consulting",2953.2,0.2,2026-09-09
INV-102445,"Oakwood Landscaping",6558.3,0.2,2026-09-10
INV-102446,"Harbour Point Packaging",8933.4,0.2,2026-09-11
INV-102447,"Quarryside Aggregates",4600.31,0.2,2026-09-12
INV-102448,"Newton Freight",69.14,0.2,2026-09-13
INV-102449,"Northfield Timber Co",5812.3,0.2,2026-09-14
INV-102450,"Kestrel Waste Management",7223.99,0.2,2026-09-15
INV-102451,"Larkspur Cleaning Contracts",4298.95,0.2,2026-09-16
INV-102452,"Ironside Security",1601.72,0.2,2026-09-17
INV-102453,"Ironside Security",1775.46,0.2,2026-09-18
INV-102454,"Oakwood Landscaping",6306.35,0.2,2026-09-19
INV-102455,"Ironside Security",1682.55,0.2,2026-09-20
INV-102456,"Berkshire Print & Signage",9289.35,0.2,2026-09-21
INV-102457,"Alderman Logistics",2228.75,0.2,2026-09-22
INV-102458,"Newton Freight",5445.39,0.2,2026-09-23
INV-102459,"Cascade Office Supplies",8353.5,0.2,2026-09-24
INV-102460,"Alderman Logistics",2671.47,0.2,2026-09-25
INV-102461,"Riverside Maintenance",1237.32,0.2,2026-09-26
INV-102462,"Granite Fleet Services",3283.61,0.2,2026-09-27
INV-102463,"Alderman Logistics",8928.84,0.2,2026-09-28
INV-102464,"Ironside Security",3017.14,0.2,2026-08-01
INV-102465,"Solstice Energy Partners",4515.22,0.2,2026-08-02
INV-102466,"Newton Freight",332.68,0.2,2026-08-03
INV-102467,"Riverside Maintenance",8938,0.2,2026-08-04
INV-102468,"Everline Electrical",5406.66,0.2,2026-08-05
INV-102469,"Solstice Energy Partners",5394.79,0.2,2026-08-06
INV-102470,"Harbour Point Packaging",5450.63,0.2,2026-08-07
INV-102471,"Delta Facilities Group",4420.17,0.2,2026-08-08
INV-102472,"Cascade Office Supplies",3180.78,0.2,2026-08-09
INV-102473,"Foxglove Catering",3280.42,0.2,2026-08-10
INV-102474,"Quarryside Aggregates",1456.73,0.2,2026-08-11
INV-102475,"Riverside Maintenance",3845.43,0.2,2026-08-12
INV-102476,"Pinnacle Consulting",6260.56,0.2,2026-08-13
INV-102477,"Granite Fleet Services",9010.5,0.2,2026-08-14
INV-102478,"Larkspur Cleaning Contracts",6039.67,0.2,2026-08-15
INV-102479,"Quarryside Aggregates",8487.18,0.2,2026-08-16
INV-102480,"Cascade Office Supplies",7823.82,0.2,2026-08-17
INV-102481,"Larkspur Cleaning Contracts",2296.73,0.2,2026-08-18
INV-102482,"Foxglove Catering",1412.73,0.2,2026-08-19
INV-102483,"Solstice Energy Partners",8169.35,0.2,2026-08-20
INV-102484,"Ironside Security",8031.48,0.2,2026-08-21
INV-102485,"Newton Freight",3737.08,0.2,2026-08-22
INV-102486,"Foxglove Catering",8981.89,0.2,2026-08-23
INV-102487,"Solstice Energy Partners",2933.37,0.2,2026-08-24
INV-102488,"Granite Fleet Services",3044.47,0.2,2026-08-25
INV-102489,"Kestrel Waste Management",1941.02,0.2,2026-08-26
INV-102490,"Oakwood Landscaping",692.36,0.2,2026-08-27
INV-102491,"Juniper IT Services",323.59,0.2,2026-08-28
INV-102492,"Northfield Timber Co",140.72,0.2,2026-09-01
INV-102493,"Newton Freight",1884.79,0.2,2026-09-02
INV-102494,"Berkshire Print & Signage",6211.17,0.2,2026-09-03
INV-102495,"Delta Facilities Group",7623.67,0.2,2026-09-04
INV-102496,"Larkspur Cleaning Contracts",8352.31,0.2,2026-09-05
INV-102497,"Everline Electrical",816.99,0.2,2026-09-06
INV-102498,"Solstice Energy Partners",2355.35,0.2,2026-09-07
INV-102499,"Newton Freight",6432.22,0.2,2026-09-08
INV-102500,"Delta Facilities Group",5846.88,0.2,2026-09-09
INV-102501,"Larkspur Cleaning Contracts",4253.21,0.2,2026-09-10
INV-102502,"Pinnacle Consulting",6983.77,0.2,2026-09-11
INV-102503,"Juniper IT Services",3593.34,0.2,2026-09-12
INV-102504,"Ironside Security",4439.51,0.2,2026-09-13
INV-102505,"Newton Freight",6320.14,0.2,2026-09-14
INV-102506,"Juniper IT Services",7304.16,0.2,2026-09-15
INV-102507,"Cascade Office Supplies",721.65,0.2,2026-09-16
INV-102508,"Oakwood Landscaping",2019.29,0.2,2026-09-17
INV-102509,"Alderman Logistics",2125.95,0.2,2026-09-18
INV-102510,"Juniper IT Services",4440.84,0.2,2026-09-19
INV-102511,"Alderman Logistics",5638.6,0.2,2026-09-20
INV-102512,"Oakwood Landscaping",1424.94,0.2,2026-09-21
INV-102513,"Ironside Security",9200.72,0.2,2026-09-22
INV-102514,"Alderman Logistics",8818.47,0.2,2026-09-23
INV-102515,"Berkshire Print & Signage",5424.26,0.2,2026-09-24
INV-102516,"Foxglove Catering",558.79,0.2,2026-09-25
INV-102517,"Quarryside Aggregates",3918.28,0.2,2026-09-26
INV-102518,"Alderman Logistics",2518.88,0.2,2026-09-27
INV-102519,"Cascade Office Supplies",7430.43,0.2,2026-09-28
INV-102520,"Oakwood Landscaping",2793.45,0.2,2026-08-01
INV-102521,"Foxglove Catering",522.53,0.2,2026-08-02
INV-102522,"Pinnacle Consulting",7762.87,0.2,2026-08-03
INV-102523,"Ironside Security",1835.9,0.2,2026-08-04
INV-102524,"Berkshire Print & Signage",6326.85,0.2,2026-08-05
INV-102525,"Everline Electrical",5968.74,0.2,2026-08-06
INV-102526,"Northfield Timber Co",8233.17,0.2,2026-08-07
INV-102527,"Riverside Maintenance",3339.14,0.2,2026-08-08
INV-102528,"Juniper IT Services",3683.42,0.2,2026-08-09
INV-102529,"Everline Electrical",5505.24,0.2,2026-08-10
INV-102530,"Larkspur Cleaning Contracts",1549.64,0.2,2026-08-11
INV-102531,"Foxglove Catering",5355.23,0.2,2026-08-12
INV-102532,"Juniper IT Services",3886.36,0.2,2026-08-13
INV-102533,"Alderman Logistics",4939.21,0.2,2026-08-14
INV-102534,"Solstice Energy Partners",1114.59,0.2,2026-08-15
INV-102535,"Berkshire Print & Signage",5584.14,0.2,2026-08-16
INV-102536,"Kestrel Waste Management",6365.95,0.2,2026-08-17
INV-102537,"Newton Freight",557.56,0.2,2026-08-18
INV-102538,"Juniper IT Services",6536.85,0.2,2026-08-19
INV-102539,"Quarryside Aggregates",5751.45,0.2,2026-08-20
INV-102540,"Delta Facilities Group",903.6,0.2,2026-08-21
INV-102541,"Northfield Timber Co",5718.93,0.2,2026-08-22
INV-102542,"Newton Freight",2502.97,0.2,2026-08-23
INV-102543,"Everline Electrical",2100.95,0.2,2026-08-24
INV-102544,"Cascade Office Supplies",406.21,0.2,2026-08-25
INV-102545,"Granite Fleet Services",1532.73,0.2,2026-08-26
INV-102546,"Ironside Security",120.45,0.2,2026-08-27
INV-102547,"Juniper IT Services",4754.76,0.2,2026-08-28
INV-102548,"Solstice Energy Partners",4390.75,0.2,2026-09-01
INV-102549,"Riverside Maintenance",8998.04,0.2,2026-09-02
INV-102550,"Everline Electrical",7119.97,0.2,2026-09-03
INV-102551,"Foxglove Catering",186.67,0.2,2026-09-04
INV-102552,"Delta Facilities Group",5959.47,0.2,2026-09-05
INV-102553,"Granite Fleet Services",5950.93,0.2,2026-09-06
INV-102554,"Northfield Timber Co",3622.45,0.2,2026-09-07
INV-102555,"Kestrel Waste Management",718.78,0.2,2026-09-08
INV-102556,"Delta Facilities Group",7212.75,0.2,2026-09-09
INV-102557,"Granite Fleet Services",2584.62,0.2,2026-09-10
INV-102558,"Alderman Logistics",5487.45,0.2,2026-09-11
INV-102559,"Cascade Office Supplies",2837.33,0.2,2026-09-12
INV-102560,"Alderman Logistics",1331.14,0.2,2026-09-13
INV-102561,"Foxglove Catering",9350.93,0.2,2026-09-14
INV-102562,"Harbour Point Packaging",4842.61,0.2,2026-09-15
INV-102563,"Foxglove Catering",2148.34,0.2,2026-09-16
INV-102564,"Oakwood Landscaping",5777.04,0.2,2026-09-17
INV-102565,"Larkspur Cleaning Contracts",6250.95,0.2,2026-09-18
INV-102566,"Ironside Security",877.44,0.2,2026-09-19
INV-102567,"Harbour Point Packaging",4368.16,0.2,2026-09-20
INV-102568,"Pinnacle Consulting",1186.87,0.2,2026-09-21
INV-102569,"Quarryside Aggregates",4660.58,0.2,2026-09-22
INV-102570,"Berkshire Print & Signage",2391.07,0.2,2026-09-23
INV-102571,"Berkshire Print & Signage",4105,0.2,2026-09-24
INV-102572,"Pinnacle Consulting",7427.26,0.2,2026-09-25
INV-102573,"Ironside Security",4546.58,0.2,2026-09-26
INV-102574,"Northfield Timber Co",8769.92,0.2,2026-09-27
INV-102575,"Everline Electrical",7521.77,0.2,2026-09-28
INV-102576,"Riverside Maintenance",4893.15,0.2,2026-08-01
INV-102577,"Oakwood Landscaping",6008.4,0.2,2026-08-02
INV-102578,"Pinnacle Consulting",2305.07,0.2,2026-08-03
INV-102579,"Foxglove Catering",8845.85,0.2,2026-08-04
INV-102580,"Pinnacle Consulting",364.62,0.2,2026-08-05
INV-102581,"Harbour Point Packaging",8153.95,0.2,2026-08-06
INV-102582,"Juniper IT Services",7655.07,0.2,2026-08-07
INV-102583,"Cascade Office Supplies",4139.69,0.2,2026-08-08
INV-102584,"Alderman Logistics",6617.34,0.2,2026-08-09
INV-102585,"Northfield Timber Co",5209.04,0.2,2026-08-10
INV-102586,"Riverside Maintenance",570.61,0.2,2026-08-11
INV-102587,"Granite Fleet Services",4085.12,0.2,2026-08-12
INV-102588,"Northfield Timber Co",9362.22,0.2,2026-08-13
INV-102589,"Delta Facilities Group",8835.03,0.2,2026-08-14
INV-102590,"Newton Freight",3473.88,0.2,2026-08-15
INV-102591,"Harbour Point Packaging",1086.88,0.2,2026-08-16
INV-102592,"Larkspur Cleaning Contracts",1650.34,0.2,2026-08-17
INV-102593,"Delta Facilities Group",4867.62,0.2,2026-08-18
INV-102594,"Pinnacle Consulting",7950.21,0.2,2026-08-19
INV-102595,"Northfield Timber Co",744.38,0.2,2026-08-20
INV-102596,"Pinnacle Consulting",8198.21,0.2,2026-08-21
INV-102597,"Berkshire Print & Signage",7519.4,0.2,2026-08-22
INV-102598,"Alderman Logistics",1737.2,0.2,2026-08-23
INV-102599,"Ironside Security",98.79,0.2,2026-08-24
INV-102600,"Kestrel Waste Management",1264.91,0.2,2026-08-25
INV-102601,"Quarryside Aggregates",7847.39,0.2,2026-08-26
INV-102602,"Berkshire Print & Signage",4931.24,0.2,2026-08-27
INV-102603,"Oakwood Landscaping",816.47,0.2,2026-08-28
INV-102604,"Alderman Logistics",8209.23,0.2,2026-09-01
INV-102605,"Northfield Timber Co",5525.3,0.2,2026-09-02
INV-102606,"Northfield Timber Co",6494.49,0.2,2026-09-03
INV-102607,"Harbour Point Packaging",2194.42,0.2,2026-09-04
INV-102608,"Delta Facilities Group",4892.85,0.2,2026-09-05
INV-102609,"Berkshire Print & Signage",2626.14,0.2,2026-09-06
INV-102610,"Pinnacle Consulting",4870.88,0.2,2026-09-07
INV-102611,"Newton Freight",1857.62,0.2,2026-09-08
INV-102612,"Northfield Timber Co",4991.73,0.2,2026-09-09
INV-102613,"Newton Freight",149.33,0.2,2026-09-10
INV-102614,"Pinnacle Consulting",2639.19,0.2,2026-09-11
INV-102615,"Oakwood Landscaping",6721.43,0.2,2026-09-12
INV-102616,"Juniper IT Services",7549.83,0.2,2026-09-13
INV-102617,"Juniper IT Services",990.44,0.2,2026-09-14
INV-102618,"Berkshire Print & Signage",1214.2,0.2,2026-09-15
INV-102619,"Oakwood Landscaping",110.76,0.2,2026-09-16
INV-102620,"Larkspur Cleaning Contracts",5878.46,0.2,2026-09-17
INV-102621,"Juniper IT Services",8243.75,0.2,2026-09-18
INV-102622,"Delta Facilities Group",7149.06,0.2,2026-09-19
INV-102623,"Quarryside Aggregates",3187.9,0.2,2026-09-20
INV-102624,"Kestrel Waste Management",5634.21,0.2,2026-09-21
INV-102625,"Kestrel Waste Management",5250.75,0.2,2026-09-22
INV-102626,"Quarryside Aggregates",5299.16,0.2,2026-09-23
INV-102627,"Kestrel Waste Management",6707.59,0.2,2026-09-24
INV-102628,"Quarryside Aggregates",2336.89,0.2,2026-09-25
INV-102629,"Foxglove Catering",3389.35,0.2,2026-09-26
INV-102630,"Solstice Energy Partners",4550.16,0.2,2026-09-27
INV-102631,"Alderman Logistics",194.58,0.2,2026-09-28
INV-102632,"Oakwood Landscaping",9392.36,0.2,2026-08-01
INV-102633,"Berkshire Print & Signage",5765.46,0.2,2026-08-02
INV-102634,"Northfield Timber Co",3959.01,0.2,2026-08-03
INV-102635,"Quarryside Aggregates",7959.26,0.2,2026-08-04
INV-102636,"Kestrel Waste Management",1096.11,0.2,2026-08-05
INV-102637,"Delta Facilities Group",1335.24,0.2,2026-08-06
INV-102638,"Cascade Office Supplies",1014.75,0.2,2026-08-07
INV-102639,"Everline Electrical",8690.71,0.2,2026-08-08
INV-102640,"Granite Fleet Services",8303.68,0.2,2026-08-09
INV-102641,"Quarryside Aggregates",5013.18,0.2,2026-08-10
INV-102642,"Harbour Point Packaging",5196.13,0.2,2026-08-11
INV-102643,"Kestrel Waste Management",2726.24,0.2,2026-08-12
INV-102644,"Cascade Office Supplies",5966.35,0.2,2026-08-13
INV-102645,"Alderman Logistics",5177.98,0.2,2026-08-14
INV-102646,"Newton Freight",352.23,0.2,2026-08-15
INV-102647,"Pinnacle Consulting",2909.63,0.2,2026-08-16
INV-102648,"Oakwood Landscaping",727.56,0.2,2026-08-17
INV-102649,"Northfield Timber Co",4915.05,0.2,2026-08-18
INV-102650,"Pinnacle Consulting",6423.91,0.2,2026-08-19
INV-102651,"Delta Facilities Group",6293.47,0.2,2026-08-20
INV-102652,"Granite Fleet Services",3071.46,0.2,2026-08-21
INV-102653,"Larkspur Cleaning Contracts",4392.59,0.2,2026-08-22
INV-102654,"Harbour Point Packaging",5395.51,0.2,2026-08-23
INV-102655,"Alderman Logistics",4040.93,0.2,2026-08-24
INV-102656,"Quarryside Aggregates",695.15,0.2,2026-08-25
INV-102657,"Harbour Point Packaging",6298.36,0.2,2026-08-26
INV-102658,"Harbour Point Packaging",9485.3,0.2,2026-08-27
INV-102659,"Cascade Office Supplies",7036.72,0.2,2026-08-28
INV-102660,"Everline Electrical",2639.06,0.2,2026-09-01
INV-102661,"Juniper IT Services",6321.33,0.2,2026-09-02
INV-102662,"Cascade Office Supplies",4211.87,0.2,2026-09-03
INV-102663,"Northfield Timber Co",1062.75,0.2,2026-09-04
INV-102664,"Harbour Point Packaging",2250.29,0.2,2026-09-05
INV-102665,"Larkspur Cleaning Contracts",1073.45,0.2,2026-09-06
INV-102666,"Berkshire Print & Signage",1011.84,0.2,2026-09-07
INV-102667,"Foxglove Catering",7098.82,0.2,2026-09-08
INV-102668,"Newton Freight",3000.62,0.2,2026-09-09
INV-102669,"Riverside Maintenance",2096.34,0.2,2026-09-10
INV-102670,"Larkspur Cleaning Contracts",9292.31,0.2,2026-09-11
INV-102671,"Oakwood Landscaping",4814.61,0.2,2026-09-12
INV-102672,"Alderman Logistics",8263.12,0.2,2026-09-13
INV-102673,"Pinnacle Consulting",763.86,0.2,2026-09-14
INV-102674,"Pinnacle Consulting",8204.16,0.2,2026-09-15
INV-102675,"Ironside Security",5483.64,0.2,2026-09-16
INV-102676,"Riverside Maintenance",5090.88,0.2,2026-09-17
INV-102677,"Kestrel Waste Management",7940.91,0.2,2026-09-18
INV-102678,"Alderman Logistics",484.37,0.2,2026-09-19
INV-102679,"Riverside Maintenance",3559.35,0.2,2026-09-20
INV-102680,"Larkspur Cleaning Contracts",3971.52,0.2,2026-09-21
INV-102681,"Alderman Logistics",8603.94,0.2,2026-09-22
INV-102682,"Pinnacle Consulting",4114.99,0.2,2026-09-23
INV-102683,"Alderman Logistics",2126.6,0.2,2026-09-24
INV-102684,"Riverside Maintenance",8338.13,0.2,2026-09-25
INV-102685,"Berkshire Print & Signage",9121.43,0.2,2026-09-26
INV-102686,"Harbour Point Packaging",1505.02,0.2,2026-09-27
INV-102687,"Delta Facilities Group",8094.77,0.2,2026-09-28
INV-102688,"Kestrel Waste Management",6071.67,0.2,2026-08-01
INV-102689,"Juniper IT Services",2664.68,0.2,2026-08-02
INV-102690,"Kestrel Waste Management",4053.61,0.2,2026-08-03
INV-102691,"Granite Fleet Services",5069.91,0.2,2026-08-04
INV-102692,"Oakwood Landscaping",1184.13,0.2,2026-08-05
INV-102693,"Granite Fleet Services",5636.77,0.2,2026-08-06
INV-102694,"Northfield Timber Co",6603.25,0.2,2026-08-07
INV-102695,"Pinnacle Consulting",7337.61,0.2,2026-08-08
INV-102696,"Solstice Energy Partners",8694.88,0.2,2026-08-09
INV-102697,"Everline Electrical",4842.2,0.2,2026-08-10
INV-102698,"Newton Freight",9001.87,0.2,2026-08-11
INV-102699,"Delta Facilities Group",1874.76,0.2,2026-08-12
INV-102700,"Foxglove Catering",5016.21,0.2,2026-08-13
INV-102701,"Newton Freight",893.44,0.2,2026-08-14
INV-102702,"Juniper IT Services",6481.65,0.2,2026-08-15
INV-102703,"Cascade Office Supplies",9322.87,0.2,2026-08-16
INV-102704,"Newton Freight",1895.94,0.2,2026-08-17
INV-102705,"Ironside Security",1579.59,0.2,2026-08-18
INV-102706,"Larkspur Cleaning Contracts",4275.94,0.2,2026-08-19
INV-102707,"Newton Freight",2328.22,0.2,2026-08-20
INV-102708,"Solstice Energy Partners",4597.24,0.2,2026-08-21
INV-102709,"Cascade Office Supplies",5493.44,0.2,2026-08-22
INV-102710,"Oakwood Landscaping",2945.29,0.2,2026-08-23
INV-102711,"Larkspur Cleaning Contracts",5302.37,0.2,2026-08-24
INV-102712,"Newton Freight",8286.35,0.2,2026-08-25
INV-102713,"Berkshire Print & Signage",1392.75,0.2,2026-08-26
INV-102714,"Pinnacle Consulting",6044.64,0.2,2026-08-27
INV-102715,"Harbour Point Packaging",4339.46,0.2,2026-08-28
INV-102716,"Pinnacle Consulting",5381.57,0.2,2026-09-01
INV-102717,"Alderman Logistics",284.55,0.2,2026-09-02
INV-102718,"Berkshire Print & Signage",7531.02,0.2,2026-09-03
INV-102719,"Oakwood Landscaping",9171.1,0.2,2026-09-04
INV-102720,"Northfield Timber Co",7315.95,0.2,2026-09-05
INV-102721,"Newton Freight",6404.12,0.2,2026-09-06
INV-102722,"Pinnacle Consulting",4034.13,0.2,2026-09-07
INV-102723,"Larkspur Cleaning Contracts",386.67,0.2,2026-09-08
INV-102724,"Alderman Logistics",2318.81,0.2,2026-09-09
INV-102725,"Pinnacle Consulting",4795.62,0.2,2026-09-10
INV-102726,"Quarryside Aggregates",1674.48,0.2,2026-09-11
INV-102727,"Oakwood Landscaping",1272.04,0.2,2026-09-12
INV-102728,"Harbour Point Packaging",6830.65,0.2,2026-09-13
INV-102729,"Quarryside Aggregates",5398.46,0.2,2026-09-14
INV-102730,"Berkshire Print & Signage",5286.2,0.2,2026-09-15
INV-102731,"Foxglove Catering",5650.9,0.2,2026-09-16
INV-102732,"Kestrel Waste Management",1212.76,0.2,2026-09-17
INV-102733,"Solstice Energy Partners",5214.23,0.2,2026-09-18
INV-102734,"Cascade Office Supplies",2797.61,0.2,2026-09-19
INV-102735,"Berkshire Print & Signage",4507.05,0.2,2026-09-20
INV-102736,"Northfield Timber Co",4920.34,0.2,2026-09-21
INV-102737,"Juniper IT Services",8360.68,0.2,2026-09-22
INV-102738,"Delta Facilities Group",4085.95,0.2,2026-09-23
INV-102739,"Foxglove Catering",4934.13,0.2,2026-09-24
INV-102740,"Juniper IT Services",293.22,0.2,2026-09-25
INV-102741,"Kestrel Waste Management",4139.64,0.2,2026-09-26
INV-102742,"Northfield Timber Co",3805.12,0.2,2026-09-27
INV-102743,"Juniper IT Services",2147.87,0.2,2026-09-28
INV-102744,"Everline Electrical",7770.09,0.2,2026-08-01
INV-102745,"Alderman Logistics",5292.7,0.2,2026-08-02
INV-102746,"Riverside Maintenance",6635.81,0.2,2026-08-03
INV-102747,"Juniper IT Services",4867.37,0.2,2026-08-04
INV-102748,"Alderman Logistics",5915.38,0.2,2026-08-05
INV-102749,"Alderman Logistics",3159.38,0.2,2026-08-06
INV-102750,"Riverside Maintenance",796.27,0.2,2026-08-07
INV-102751,"Delta Facilities Group",965.35,0.2,2026-08-08
INV-102752,"Harbour Point Packaging",839.32,0.2,2026-08-09
INV-102753,"Pinnacle Consulting",2563.12,0.2,2026-08-10
INV-102754,"Riverside Maintenance",1464.53,0.2,2026-08-11
INV-102755,"Oakwood Landscaping",1078.01,0.2,2026-08-12
INV-102756,"Ironside Security",5959.44,0.2,2026-08-13
INV-102757,"Granite Fleet Services",1615.36,0.2,2026-08-14
INV-102758,"Granite Fleet Services",4636.22,0.2,2026-08-15
INV-102759,"Everline Electrical",2728.85,0.2,2026-08-16
INV-102760,"Juniper IT Services",5756.12,0.2,2026-08-17
INV-102761,"Delta Facilities Group",2550.72,0.2,2026-08-18
INV-102762,"Delta Facilities Group",5709.98,0.2,2026-08-19
INV-102763,"Kestrel Waste Management",3766.36,0.2,2026-08-20
INV-102764,"Kestrel Waste Management",9108.01,0.2,2026-08-21
INV-102765,"Solstice Energy Partners",1589.94,0.2,2026-08-22
INV-102766,"Ironside Security",8789.5,0.2,2026-08-23
INV-102767,"Berkshire Print & Signage",9023.29,0.2,2026-08-24
INV-102768,"Quarryside Aggregates",1541.68,0.2,2026-08-25
INV-102769,"Granite Fleet Services",8508.09,0.2,2026-08-26
INV-102770,"Northfield Timber Co",2212.03,0.2,2026-08-27
INV-102771,"Everline Electrical",6371.7,0.2,2026-08-28
INV-102772,"Juniper IT Services",7583.91,0.2,2026-09-01
INV-102773,"Riverside Maintenance",6678.13,0.2,2026-09-02
INV-102774,"Quarryside Aggregates",742.95,0.2,2026-09-03
INV-102775,"Kestrel Waste Management",5646.92,0.2,2026-09-04
INV-102776,"Newton Freight",7594.31,0.2,2026-09-05
INV-102777,"Riverside Maintenance",8122.41,0.2,2026-09-06
INV-102778,"Foxglove Catering",2466.23,0.2,2026-09-07
INV-102779,"Harbour Point Packaging",5512.53,0.2,2026-09-08
INV-102780,"Harbour Point Packaging",8777.25,0.2,2026-09-09
INV-102781,"Juniper IT Services",2005.84,0.2,2026-09-10
INV-102782,"Quarryside Aggregates",7109.23,0.2,2026-09-11
INV-102783,"Alderman Logistics",7470.54,0.2,2026-09-12
INV-102784,"Newton Freight",7520.02,0.2,2026-09-13
INV-102785,"Delta Facilities Group",1682.66,0.2,2026-09-14
INV-102786,"Larkspur Cleaning Contracts",8491.41,0.2,2026-09-15
INV-102787,"Northfield Timber Co",8354.08,0.2,2026-09-16
INV-102788,"Pinnacle Consulting",6432.72,0.2,2026-09-17
INV-102789,"Granite Fleet Services",3326.38,0.2,2026-09-18
INV-102790,"Oakwood Landscaping",9263.42,0.2,2026-09-19
INV-102791,"Delta Facilities Group",9203.82,0.2,2026-09-20
INV-102792,"Foxglove Catering",1660.05,0.2,2026-09-21
INV-102793,"Ironside Security",1967.66,0.2,2026-09-22
INV-102794,"Solstice Energy Partners",4319.54,0.2,2026-09-23
INV-102795,"Riverside Maintenance",5406.68,0.2,2026-09-24
INV-102796,"Delta Facilities Group",588.87,0.2,2026-09-25
INV-102797,"Harbour Point Packaging",8320.46,0.2,2026-09-26
INV-102798,"Ironside Security",4912.69,0.2,2026-09-27
INV-102799,"Quarryside Aggregates",1095.85,0.2,2026-09-28
INV-102800,"Ironside Security",5869.96,0.2,2026-08-01
INV-102801,"Larkspur Cleaning Contracts",9272.96,0.2,2026-08-02
INV-102802,"Northfield Timber Co",4127.18,0.2,2026-08-03
INV-102803,"Newton Freight",7581.85,0.2,2026-08-04
INV-102804,"Alderman Logistics",410.83,0.2,2026-08-05
INV-102805,"Northfield Timber Co",2830.4,0.2,2026-08-06
INV-102806,"Cascade Office Supplies",960.87,0.2,2026-08-07
INV-102807,"Riverside Maintenance",3120.84,0.2,2026-08-08
INV-102808,"Newton Freight",5126.85,0.2,2026-08-09
INV-102809,"Kestrel Waste Management",5422.46,0.2,2026-08-10
INV-102810,"Newton Freight",7262.03,0.2,2026-08-11
INV-102811,"Solstice Energy Partners",4703.15,0.2,2026-08-12
INV-102812,"Everline Electrical",280.45,0.2,2026-08-13
INV-102813,"Larkspur Cleaning Contracts",2319.79,0.2,2026-08-14
INV-102814,"Alderman Logistics",3925.74,0.2,2026-08-15
INV-102815,"Everline Electrical",1907.05,0.2,2026-08-16
INV-102816,"Solstice Energy Partners",3425.43,0.2,2026-08-17
INV-102817,"Northfield Timber Co",4403.73,0.2,2026-08-18
INV-102818,"Delta Facilities Group",1798.98,0.2,2026-08-19
INV-102819,"Cascade Office Supplies",8134.06,0.2,2026-08-20
INV-102820,"Cascade Office Supplies",931.43,0.2,2026-08-21
INV-102821,"Cascade Office Supplies",9371.15,0.2,2026-08-22
INV-102822,"Oakwood Landscaping",666.22,0.2,2026-08-23
INV-102823,"Riverside Maintenance",9194.77,0.2,2026-08-24
INV-102824,"Newton Freight",404.63,0.2,2026-08-25
INV-102825,"Juniper IT Services",4365.67,0.2,2026-08-26
INV-102826,"Ironside Security",1819,0.2,2026-08-27
INV-102827,"Alderman Logistics",6262.63,0.2,2026-08-28
INV-102828,"Ironside Security",2369.77,0.2,2026-09-01
INV-102829,"Delta Facilities Group",8026.93,0.2,2026-09-02
INV-102830,"Cascade Office Supplies",3588.33,0.2,2026-09-03
INV-102831,"Northfield Timber Co",3642.28,0.2,2026-09-04
INV-102832,"Ironside Security",5699.15,0.2,2026-09-05
INV-102833,"Riverside Maintenance",6063.3,0.2,2026-09-06
INV-102834,"Quarryside Aggregates",2946.27,0.2,2026-09-07
INV-102835,"Ironside Security",5564.42,0.2,2026-09-08
INV-102836,"Quarryside Aggregates",7858,0.2,2026-09-09
INV-102837,"Harbour Point Packaging",8292.05,0.2,2026-09-10
INV-102838,"Cascade Office Supplies",9005.14,0.2,2026-09-11
INV-102839,"Northfield Timber Co",6438.73,0.2,2026-09-12
INV-102840,"Oakwood Landscaping",3498.79,0.2,2026-09-13
INV-102841,"Oakwood Landscaping",4657.02,0.2,2026-09-14
INV-102842,"Oakwood Landscaping",6994.91,0.2,2026-09-15
INV-102843,"Northfield Timber Co",2633.95,0.2,2026-09-16
INV-102844,"Quarryside Aggregates",3159.13,0.2,2026-09-17
INV-102845,"Everline Electrical",4875.97,0.2,2026-09-18
INV-102846,"Juniper IT Services",6932.04,0.2,2026-09-19
INV-102847,"Granite Fleet Services",6080.64,0.2,2026-09-20
INV-102848,"Everline Electrical",6058.6,0.2,2026-09-21
INV-102849,"Delta Facilities Group",6233.85,0.2,2026-09-22
INV-102850,"Riverside Maintenance",2870.3,0.2,2026-09-23
INV-102851,"Cascade Office Supplies",7947.3,0.2,2026-09-24
INV-102852,"Oakwood Landscaping",9145.96,0.2,2026-09-25
INV-102853,"Riverside Maintenance",9071.22,0.2,2026-09-26
INV-102854,"Pinnacle Consulting",5686.58,0.2,2026-09-27
INV-102855,"Pinnacle Consulting",2988.76,0.2,2026-09-28
INV-102856,"Ironside Security",9139.14,0.2,2026-08-01
INV-102857,"Newton Freight",6325.35,0.2,2026-08-02
INV-102858,"Newton Freight",2692.44,0.2,2026-08-03
INV-102859,"Solstice Energy Partners",7888.44,0.2,2026-08-04
INV-102860,"Berkshire Print & Signage",7558.22,0.2,2026-08-05
INV-102861,"Northfield Timber Co",8280.57,0.2,2026-08-06
INV-102862,"Alderman Logistics",6010.11,0.2,2026-08-07
INV-102863,"Oakwood Landscaping",9048,0.2,2026-08-08
INV-102864,"Foxglove Catering",6284.63,0.2,2026-08-09
INV-102865,"Pinnacle Consulting",5372.66,0.2,2026-08-10
INV-102866,"Newton Freight",3599.31,0.2,2026-08-11
INV-102867,"Ironside Security",1468.81,0.2,2026-08-12
INV-102868,"Oakwood Landscaping",5211.94,0.2,2026-08-13
INV-102869,"Berkshire Print & Signage",2903.71,0.2,2026-08-14
INV-102870,"Quarryside Aggregates",5360.95,0.2,2026-08-15
INV-102871,"Pinnacle Consulting",8806.4,0.2,2026-08-16
INV-102872,"Ironside Security",2759.75,0.2,2026-08-17
INV-102873,"Northfield Timber Co",4410.1,0.2,2026-08-18
INV-102874,"Juniper IT Services",8750.73,0.2,2026-08-19
INV-102875,"Kestrel Waste Management",999.75,0.2,2026-08-20
INV-102876,"Pinnacle Consulting",1768.36,0.2,2026-08-21
INV-102877,"Quarryside Aggregates",7611.52,0.2,2026-08-22
INV-102878,"Granite Fleet Services",983.73,0.2,2026-08-23
INV-102879,"Granite Fleet Services",5047.85,0.2,2026-08-24
INV-102880,"Cascade Office Supplies",2958.32,0.2,2026-08-25
INV-102881,"Solstice Energy Partners",8942,0.2,2026-08-26
INV-102882,"Pinnacle Consulting",4571.15,0.2,2026-08-27
INV-102883,"Ironside Security",8254,0.2,2026-08-28
INV-102884,"Everline Electrical",8625.08,0.2,2026-09-01
INV-102885,"Ironside Security",6002.26,0.2,2026-09-02
INV-102886,"Quarryside Aggregates",4228.93,0.2,2026-09-03
INV-102887,"Alderman Logistics",1461.07,0.2,2026-09-04
INV-102888,"Pinnacle Consulting",9064.56,0.2,2026-09-05
INV-102889,"Oakwood Landscaping",1949.65,0.2,2026-09-06
INV-102890,"Delta Facilities Group",2910.24,0.2,2026-09-07
INV-102891,"Ironside Security",2870.56,0.2,2026-09-08
INV-102892,"Harbour Point Packaging",4021.16,0.2,2026-09-09
INV-102893,"Everline Electrical",1612.57,0.2,2026-09-10
INV-102894,"Quarryside Aggregates",8744.82,0.2,2026-09-11
INV-102895,"Foxglove Catering",6994.89,0.2,2026-09-12
INV-102896,"Newton Freight",5869.84,0.2,2026-09-13
INV-102897,"Alderman Logistics",7372.22,0.2,2026-09-14
INV-102898,"Solstice Energy Partners",7078.93,0.2,2026-09-15
INV-102899,"Juniper IT Services",8256.93,0.2,2026-09-16
INV-102900,"Foxglove Catering",7451.85,0.2,2026-09-17
INV-102901,"Newton Freight",7269.35,0.2,2026-09-18
INV-102902,"Oakwood Landscaping",8391.33,0.2,2026-09-19
INV-102903,"Northfield Timber Co",3769.06,0.2,2026-09-20
INV-102904,"Granite Fleet Services",7171.12,0.2,2026-09-21
INV-102905,"Larkspur Cleaning Contracts",5986.36,0.2,2026-09-22
INV-102906,"Granite Fleet Services",9382.84,0.2,2026-09-23
INV-102907,"Solstice Energy Partners",4274.24,0.2,2026-09-24
INV-102908,"Kestrel Waste Management",6471.23,0.2,2026-09-25
INV-102909,"Granite Fleet Services",2345.83,0.2,2026-09-26
INV-102910,"Alderman Logistics",9017.65,0.2,2026-09-27
INV-102911,"Pinnacle Consulting",1525.09,0.2,2026-09-28
INV-102912,"Oakwood Landscaping",2865,0.2,2026-08-01
INV-102913,"Solstice Energy Partners",4419.54,0.2,2026-08-02
INV-102914,"Harbour Point Packaging",3054.42,0.2,2026-08-03
INV-102915,"Foxglove Catering",1523.1,0.2,2026-08-04
INV-102916,"Granite Fleet Services",6925.97,0.2,2026-08-05
INV-102917,"Ironside Security",7907.71,0.2,2026-08-06
INV-102918,"Foxglove Catering",1872.7,0.2,2026-08-07
INV-102919,"Granite Fleet Services",2593.94,0.2,2026-08-08
INV-102920,"Alderman Logistics",1252.54,0.2,2026-08-09
INV-102921,"Ironside Security",3037.4,0.2,2026-08-10
INV-102922,"Newton Freight",3165.73,0.2,2026-08-11
INV-102923,"Granite Fleet Services",1217.61,0.2,2026-08-12
INV-102924,"Harbour Point Packaging",2183.64,0.2,2026-08-13
INV-102925,"Solstice Energy Partners",7141.47,0.2,2026-08-14
INV-102926,"Juniper IT Services",2195.89,0.2,2026-08-15
INV-102927,"Delta Facilities Group",1495.31,0.2,2026-08-16
INV-102928,"Berkshire Print & Signage",2979.08,0.2,2026-08-17
INV-102929,"Larkspur Cleaning Contracts",7556.52,0.2,2026-08-18
INV-102930,"Kestrel Waste Management",2708.01,0.2,2026-08-19
INV-102931,"Riverside Maintenance",7808.55,0.2,2026-08-20
INV-102932,"Juniper IT Services",3767.73,0.2,2026-08-21
INV-102933,"Larkspur Cleaning Contracts",3248.95,0.2,2026-08-22
INV-102934,"Ironside Security",343.37,0.2,2026-08-23
INV-102935,"Northfield Timber Co",2918.03,0.2,2026-08-24
INV-102936,"Larkspur Cleaning Contracts",5187.21,0.2,2026-08-25
INV-102937,"Riverside Maintenance",277.66,0.2,2026-08-26
INV-102938,"Riverside Maintenance",1416.17,0.2,2026-08-27
INV-102939,"Alderman Logistics",8883.3,0.2,2026-08-28
INV-102940,"Larkspur Cleaning Contracts",9344.87,0.2,2026-09-01
INV-102941,"Pinnacle Consulting",8188.05,0.2,2026-09-02
INV-102942,"Ironside Security",9459.85,0.2,2026-09-03
INV-102943,"Foxglove Catering",1540.7,0.2,2026-09-04
INV-102944,"Alderman Logistics",4506.47,0.2,2026-09-05
INV-102945,"Foxglove Catering",8852.93,0.2,2026-09-06
INV-102946,"Granite Fleet Services",8460.4,0.2,2026-09-07
INV-102947,"Everline Electrical",5291.87,0.2,2026-09-08
INV-102948,"Pinnacle Consulting",8434.04,0.2,2026-09-09
INV-102949,"Cascade Office Supplies",9346.92,0.2,2026-09-10
INV-102950,"Granite Fleet Services",2495.94,0.2,2026-09-11
INV-102951,"Harbour Point Packaging",6364.59,0.2,2026-09-12
INV-102952,"Berkshire Print & Signage",5087.68,0.2,2026-09-13
INV-102953,"Larkspur Cleaning Contracts",6807.54,0.2,2026-09-14
INV-102954,"Solstice Energy Partners",1788.96,0.2,2026-09-15
INV-102955,"Newton Freight",5369.37,0.2,2026-09-16
INV-102956,"Harbour Point Packaging",4775.77,0.2,2026-09-17
INV-102957,"Newton Freight",5088.7,0.2,2026-09-18
INV-102958,"Alderman Logistics",8915.72,0.2,2026-09-19
INV-102959,"Everline Electrical",7073.54,0.2,2026-09-20
INV-102960,"Ironside Security",4659.97,0.2,2026-09-21
INV-102961,"Everline Electrical",8615.49,0.2,2026-09-22
INV-102962,"Everline Electrical",2801.27,0.2,2026-09-23
INV-102963,"Delta Facilities Group",370.52,0.2,2026-09-24
INV-102964,"Foxglove Catering",3606.6,0.2,2026-09-25
INV-102965,"Solstice Energy Partners",4685.74,0.2,2026-09-26
INV-102966,"Newton Freight",3250.32,0.2,2026-09-27
INV-102967,"Foxglove Catering",3297.87,0.2,2026-09-28
INV-102968,"Alderman Logistics",1539.09,0.2,2026-08-01
INV-102969,"Berkshire Print & Signage",6278.41,0.2,2026-08-02
INV-102970,"Quarryside Aggregates",285.7,0.2,2026-08-03
INV-102971,"Quarryside Aggregates",3685.01,0.2,2026-08-04
INV-102972,"Foxglove Catering",4637.6,0.2,2026-08-05
INV-102973,"Oakwood Landscaping",8709.73,0.2,2026-08-06
INV-102974,"Alderman Logistics",4403.41,0.2,2026-08-07
INV-102975,"Kestrel Waste Management",5663.82,0.2,2026-08-08
INV-102976,"Newton Freight",3520.17,0.2,2026-08-09
INV-102977,"Northfield Timber Co",610.03,0.2,2026-08-10
INV-102978,"Alderman Logistics",8492.51,0.2,2026-08-11
INV-102979,"Delta Facilities Group",8584.88,0.2,2026-08-12
INV-102980,"Delta Facilities Group",4679.16,0.2,2026-08-13
INV-102981,"Juniper IT Services",4383.17,0.2,2026-08-14
INV-102982,"Pinnacle Consulting",2067.45,0.2,2026-08-15
INV-102983,"Foxglove Catering",1148.47,0.2,2026-08-16
INV-102984,"Granite Fleet Services",4243.24,0.2,2026-08-17
INV-102985,"Quarryside Aggregates",269.86,0.2,2026-08-18
INV-102986,"Everline Electrical",8372.45,0.2,2026-08-19
INV-102987,"Oakwood Landscaping",3295.52,0.2,2026-08-20
INV-102988,"Northfield Timber Co",4797.19,0.2,2026-08-21
INV-102989,"Everline Electrical",521.18,0.2,2026-08-22
INV-102990,"Ironside Security",2792.4,0.2,2026-08-23
INV-102991,"Larkspur Cleaning Contracts",1464.11,0.2,2026-08-24
INV-102992,"Granite Fleet Services",7755.31,0.2,2026-08-25
INV-102993,"Alderman Logistics",5201.03,0.2,2026-08-26
INV-102994,"Harbour Point Packaging",5146.46,0.2,2026-08-27
INV-102995,"Harbour Point Packaging",4895.61,0.2,2026-08-28
INV-102996,"Alderman Logistics",58.59,0.2,2026-09-01
INV-102997,"Oakwood Landscaping",294.82,0.2,2026-09-02
INV-102998,"Everline Electrical",2233.95,0.2,2026-09-03
INV-102999,"Solstice Energy Partners",9372.57,0.2,2026-09-04
INV-103000,"Quarryside Aggregates",6237.15,0.2,2026-09-05
INV-103001,"Northfield Timber Co",5244.75,0.2,2026-09-06
INV-103002,"Everline Electrical",8428.49,0.2,2026-09-07
INV-103003,"Foxglove Catering",1332.84,0.2,2026-09-08
INV-103004,"Foxglove Catering",1591.88,0.2,2026-09-09
INV-103005,"Kestrel Waste Management",9259.96,0.2,2026-09-10
INV-103006,"Larkspur Cleaning Contracts",6839.87,0.2,2026-09-11
INV-103007,"Granite Fleet Services",7068.81,0.2,2026-09-12
INV-103008,"Everline Electrical",972.75,0.2,2026-09-13
INV-103009,"Northfield Timber Co",9057.48,0.2,2026-09-14
INV-103010,"Harbour Point Packaging",1954.73,0.2,2026-09-15
INV-103011,"Granite Fleet Services",7564.05,0.2,2026-09-16
INV-103012,"Riverside Maintenance",482.9,0.2,2026-09-17
INV-103013,"Northfield Timber Co",6441.74,0.2,2026-09-18
INV-103014,"Larkspur Cleaning Contracts",693.6,0.2,2026-09-19
INV-103015,"Everline Electrical",1225.32,0.2,2026-09-20
INV-103016,"Solstice Energy Partners",8983.84,0.2,2026-09-21
INV-103017,"Kestrel Waste Management",3293.56,0.2,2026-09-22
INV-103018,"Juniper IT Services",1165.13,0.2,2026-09-23
INV-103019,"Harbour Point Packaging",8761.21,0.2,2026-09-24
INV-103020,"Quarryside Aggregates",1524.11,0.2,2026-09-25
INV-103021,"Alderman Logistics",3385.54,0.2,2026-09-26
INV-103022,"Riverside Maintenance",9328.72,0.2,2026-09-27
INV-103023,"Delta Facilities Group",792.23,0.2,2026-09-28
INV-103024,"Riverside Maintenance",9214.14,0.2,2026-08-01
INV-103025,"Solstice Energy Partners",7787.06,0.2,2026-08-02
INV-103026,"Kestrel Waste Management",5134.2,0.2,2026-08-03
INV-103027,"Solstice Energy Partners",849.1,0.2,2026-08-04
INV-103028,"Newton Freight",4359.8,0.2,2026-08-05
INV-103029,"Northfield Timber Co",4782.69,0.2,2026-08-06
INV-103030,"Juniper IT Services",3062.54,0.2,2026-08-07
INV-103031,"Riverside Maintenance",2822.74,0.2,2026-08-08
INV-103032,"Berkshire Print & Signage",7662.73,0.2,2026-08-09
INV-103033,"Juniper IT Services",5677.48,0.2,2026-08-10
INV-103034,"Solstice Energy Partners",5975.48,0.2,2026-08-11
INV-103035,"Riverside Maintenance",5042.68,0.2,2026-08-12
INV-103036,"Granite Fleet Services",772.3,0.2,2026-08-13
INV-103037,"Pinnacle Consulting",5611.17,0.2,2026-08-14
INV-103038,"Oakwood Landscaping",2549.77,0.2,2026-08-15
INV-103039,"Northfield Timber Co",6917.36,0.2,2026-08-16
INV-103040,"Kestrel Waste Management",2612.39,0.2,2026-08-17
INV-103041,"Harbour Point Packaging",3202.73,0.2,2026-08-18
INV-103042,"Juniper IT Services",4338.37,0.2,2026-08-19
INV-103043,"Newton Freight",3068.45,0.2,2026-08-20
INV-103044,"Everline Electrical",6660.64,0.2,2026-08-21
INV-103045,"Oakwood Landscaping",7920.37,0.2,2026-08-22
INV-103046,"Newton Freight",4330.47,0.2,2026-08-23
INV-103047,"Foxglove Catering",1293.36,0.2,2026-08-24
INV-103048,"Oakwood Landscaping",8257.57,0.2,2026-08-25
INV-103049,"Quarryside Aggregates",3601.08,0.2,2026-08-26
INV-103050,"Cascade Office Supplies",7586.37,0.2,2026-08-27
INV-103051,"Berkshire Print & Signage",2286.09,0.2,2026-08-28
INV-103052,"Northfield Timber Co",2664.31,0.2,2026-09-01
INV-103053,"Harbour Point Packaging",587.04,0.2,2026-09-02
INV-103054,"Newton Freight",6064.74,0.2,2026-09-03
INV-103055,"Quarryside Aggregates",8802.38,0.2,2026-09-04
INV-103056,"Everline Electrical",5856.46,0.2,2026-09-05
INV-103057,"Ironside Security",8606.69,0.2,2026-09-06
INV-103058,"Granite Fleet Services",6434.15,0.2,2026-09-07
INV-103059,"Pinnacle Consulting",5559.46,0.2,2026-09-08
INV-103060,"Ironside Security",1433.76,0.2,2026-09-09
INV-103061,"Delta Facilities Group",9402.4,0.2,2026-09-10
INV-103062,"Newton Freight",6832.69,0.2,2026-09-11
INV-103063,"Foxglove Catering",2086.71,0.2,2026-09-12
INV-103064,"Solstice Energy Partners",1466.72,0.2,2026-09-13
INV-103065,"Delta Facilities Group",7485.67,0.2,2026-09-14
INV-103066,"Foxglove Catering",5919.16,0.2,2026-09-15
INV-103067,"Delta Facilities Group",2438.23,0.2,2026-09-16
INV-103068,"Meridian Supplies Ltd",7010.84,0.2,2026-09-17
INV-103069,"Northfield Timber Co",8430.03,0.2,2026-09-18
INV-103070,"Cascade Office Supplies",6518.27,0.2,2026-09-19
INV-103071,"Larkspur Cleaning Contracts",9239.45,0.2,2026-09-20
INV-103072,"Kestrel Waste Management",8877.8,0.2,2026-09-21
INV-103073,"Quarryside Aggregates",5396.57,0.2,2026-09-22
INV-103074,"Delta Facilities Group",5744.49,0.2,2026-09-23
INV-103075,"Berkshire Print & Signage",5808.45,0.2,2026-09-24
INV-103076,"Solstice Energy Partners",2303.79,0.2,2026-09-25
INV-103077,"Foxglove Catering",8630.74,0.2,2026-09-26
INV-103078,"Harbour Point Packaging",5708.19,0.2,2026-09-27
INV-103079,"Newton Freight",7241.69,0.2,2026-09-28
INV-103080,"Harbour Point Packaging",5034.1,0.2,2026-08-01
INV-103081,"Northfield Timber Co",4403.45,0.2,2026-08-02
INV-103082,"Juniper IT Services",1063.62,0.2,2026-08-03
INV-103083,"Northfield Timber Co",3934.8,0.2,2026-08-04
INV-103084,"Delta Facilities Group",7319.81,0.2,2026-08-05
INV-103085,"Everline Electrical",1811.38,0.2,2026-08-06
INV-103086,"Riverside Maintenance",4949.5,0.2,2026-08-07
INV-103087,"Northfield Timber Co",695.77,0.2,2026-08-08
INV-103088,"Pinnacle Consulting",7514.48,0.2,2026-08-09
INV-103089,"Riverside Maintenance",5193.61,0.2,2026-08-10
INV-103090,"Larkspur Cleaning Contracts",3933.05,0.2,2026-08-11
INV-103091,"Harbour Point Packaging",9270.8,0.2,2026-08-12
INV-103092,"Granite Fleet Services",7548.23,0.2,2026-08-13
INV-103093,"Alderman Logistics",9338.68,0.2,2026-08-14
INV-103094,"Foxglove Catering",8193.19,0.2,2026-08-15
INV-103095,"Alderman Logistics",606.36,0.2,2026-08-16
INV-103096,"Newton Freight",2268.46,0.2,2026-08-17
INV-103097,"Solstice Energy Partners",8733.32,0.2,2026-08-18
INV-103098,"Foxglove Catering",318.23,0.2,2026-08-19
INV-103099,"Delta Facilities Group",6002.33,0.2,2026-08-20
INV-103100,"Pinnacle Consulting",1153.47,0.2,2026-08-21
INV-103101,"Juniper IT Services",4151.25,0.2,2026-08-22
INV-103102,"Delta Facilities Group",2770.47,0.2,2026-08-23
INV-103103,"Solstice Energy Partners",751.12,0.2,2026-08-24
INV-103104,"Everline Electrical",4941.5,0.2,2026-08-25
INV-103105,"Riverside Maintenance",6372.65,0.2,2026-08-26
INV-103106,"Delta Facilities Group",7402.3,0.2,2026-08-27
INV-103107,"Granite Fleet Services",4191.83,0.2,2026-08-28
INV-103108,"Alderman Logistics",208.02,0.2,2026-09-01
INV-103109,"Larkspur Cleaning Contracts",8396.23,0.2,2026-09-02
INV-103110,"Cascade Office Supplies",2498.48,0.2,2026-09-03
INV-103111,"Foxglove Catering",2764.04,0.2,2026-09-04
INV-103112,"Newton Freight",2204.48,0.2,2026-09-05
INV-103113,"Kestrel Waste Management",9112.56,0.2,2026-09-06
INV-103114,"Quarryside Aggregates",3744.8,0.2,2026-09-07
INV-103115,"Quarryside Aggregates",2911.51,0.2,2026-09-08
INV-103116,"Delta Facilities Group",5261.36,0.2,2026-09-09
INV-103117,"Harbour Point Packaging",8338.18,0.2,2026-09-10
INV-103118,"Foxglove Catering",1817.31,0.2,2026-09-11
INV-103119,"Granite Fleet Services",5406.86,0.2,2026-09-12
INV-103120,"Kestrel Waste Management",6163.13,0.2,2026-09-13
INV-103121,"Riverside Maintenance",6052.79,0.2,2026-09-14
INV-103122,"Oakwood Landscaping",7161.52,0.2,2026-09-15
INV-103123,"Pinnacle Consulting",2916.14,0.2,2026-09-16
INV-103124,"Harbour Point Packaging",71.19,0.2,2026-09-17
INV-103125,"Foxglove Catering",1005.74,0.2,2026-09-18
INV-103126,"Juniper IT Services",1570.52,0.2,2026-09-19
INV-103127,"Solstice Energy Partners",3554.28,0.2,2026-09-20
INV-103128,"Northfield Timber Co",9376.41,0.2,2026-09-21
INV-103129,"Solstice Energy Partners",997.63,0.2,2026-09-22
INV-103130,"Delta Facilities Group",70.38,0.2,2026-09-23
INV-103131,"Northfield Timber Co",312.02,0.2,2026-09-24
INV-103132,"Juniper IT Services",8622.71,0.2,2026-09-25
INV-103133,"Quarryside Aggregates",496.08,0.2,2026-09-26
INV-103134,"Juniper IT Services",3956.18,0.2,2026-09-27
INV-103135,"Cascade Office Supplies",1902.09,0.2,2026-09-28
INV-103136,"Riverside Maintenance",5355.07,0.2,2026-08-01
INV-103137,"Granite Fleet Services",9103.19,0.2,2026-08-02
INV-103138,"Quarryside Aggregates",6229.81,0.2,2026-08-03
INV-103139,"Northfield Timber Co",4194.14,0.2,2026-08-04
INV-103140,"Ironside Security",2592.92,0.2,2026-08-05
INV-103141,"Ironside Security",6067.74,0.2,2026-08-06
INV-103142,"Foxglove Catering",1309.32,0.2,2026-08-07
INV-103143,"Alderman Logistics",7965.14,0.2,2026-08-08
INV-103144,"Juniper IT Services",7141.35,0.2,2026-08-09
INV-103145,"Quarryside Aggregates",6240.35,0.2,2026-08-10
INV-103146,"Everline Electrical",7783.97,0.2,2026-08-11
INV-103147,"Larkspur Cleaning Contracts",1304.88,0.2,2026-08-12
INV-103148,"Cascade Office Supplies",2868.86,0.2,2026-08-13
INV-103149,"Juniper IT Services",3617.53,0.2,2026-08-14
INV-103150,"Foxglove Catering",4880.72,0.2,2026-08-15
INV-103151,"Alderman Logistics",7799,0.2,2026-08-16
INV-103152,"Kestrel Waste Management",910.62,0.2,2026-08-17
INV-103153,"Delta Facilities Group",2522.25,0.2,2026-08-18
INV-103154,"Granite Fleet Services",6216.45,0.2,2026-08-19
INV-103155,"Cascade Office Supplies",2810.51,0.2,2026-08-20
INV-103156,"Foxglove Catering",6282.44,0.2,2026-08-21
INV-103157,"Larkspur Cleaning Contracts",4556.92,0.2,2026-08-22
INV-103158,"Ironside Security",7862.71,0.2,2026-08-23
INV-103159,"Delta Facilities Group",309.79,0.2,2026-08-24
INV-103160,"Delta Facilities Group",4243.71,0.2,2026-08-25
INV-103161,"Newton Freight",5352.71,0.2,2026-08-26
INV-103162,"Everline Electrical",7884.64,0.2,2026-08-27
INV-103163,"Delta Facilities Group",5968.25,0.2,2026-08-28
INV-103164,"Cascade Office Supplies",484.31,0.2,2026-09-01
INV-103165,"Alderman Logistics",2557.59,0.2,2026-09-02
INV-103166,"Cascade Office Supplies",7524.33,0.2,2026-09-03
INV-103167,"Riverside Maintenance",5621.66,0.2,2026-09-04
INV-103168,"Foxglove Catering",5260.23,0.2,2026-09-05
INV-103169,"Quarryside Aggregates",477.65,0.2,2026-09-06
INV-103170,"Granite Fleet Services",3227.24,0.2,2026-09-07
INV-103171,"Newton Freight",4986.16,0.2,2026-09-08
INV-103172,"Kestrel Waste Management",7077.63,0.2,2026-09-09
INV-103173,"Cascade Office Supplies",3083.78,0.2,2026-09-10
INV-103174,"Berkshire Print & Signage",6560.77,0.2,2026-09-11
INV-103175,"Foxglove Catering",5847.23,0.2,2026-09-12
INV-103176,"Harbour Point Packaging",7254.5,0.2,2026-09-13
INV-103177,"Granite Fleet Services",3946.52,0.2,2026-09-14
INV-103178,"Delta Facilities Group",6985,0.2,2026-09-15
INV-103179,"Berkshire Print & Signage",716.17,0.2,2026-09-16
INV-103180,"Larkspur Cleaning Contracts",4615.77,0.2,2026-09-17
INV-103181,"Granite Fleet Services",4771.65,0.2,2026-09-18
INV-103182,"Riverside Maintenance",1606.03,0.2,2026-09-19
INV-103183,"Newton Freight",630.69,0.2,2026-09-20
INV-103184,"Newton Freight",1603.76,0.2,2026-09-21
INV-103185,"Newton Freight",9182.8,0.2,2026-09-22
INV-103186,"Riverside Maintenance",4821.41,0.2,2026-09-23
INV-103187,"Foxglove Catering",6509.27,0.2,2026-09-24
INV-103188,"Delta Facilities Group",6104.6,0.2,2026-09-25
INV-103189,"Harbour Point Packaging",4452.28,0.2,2026-09-26
INV-103190,"Riverside Maintenance",2380.89,0.2,2026-09-27
INV-103191,"Ironside Security",5152.36,0.2,2026-09-28
INV-103192,"Larkspur Cleaning Contracts",3389.43,0.2,2026-08-01
INV-103193,"Kestrel Waste Management",9109.57,0.2,2026-08-02
INV-103194,"Alderman Logistics",7374.92,0.2,2026-08-03
INV-103195,"Granite Fleet Services",5593.17,0.2,2026-08-04
INV-103196,"Solstice Energy Partners",4284.51,0.2,2026-08-05
INV-103197,"Pinnacle Consulting",3663.01,0.2,2026-08-06
INV-103198,"Quarryside Aggregates",4411.73,0.2,2026-08-07
INV-103199,"Harbour Point Packaging",4691.6,0.2,2026-08-08
INV-103200,"Harbour Point Packaging",6049.47,0.2,2026-08-09
INV-103201,"Juniper IT Services",9472.37,0.2,2026-08-10
INV-103202,"Northfield Timber Co",7754.32,0.2,2026-08-11
INV-103203,"Larkspur Cleaning Contracts",8538.65,0.2,2026-08-12
INV-103204,"Everline Electrical",2267.81,0.2,2026-08-13
INV-103205,"Granite Fleet Services",1800,0.2,2026-08-14
INV-103206,"Harbour Point Packaging",1095.99,0.2,2026-08-15
INV-103207,"Riverside Maintenance",9037.89,0.2,2026-08-16
INV-103208,"Berkshire Print & Signage",8129.97,0.2,2026-08-17
INV-103209,"Cascade Office Supplies",2350.61,0.2,2026-08-18
INV-103210,"Quarryside Aggregates",6132.14,0.2,2026-08-19
INV-103211,"Larkspur Cleaning Contracts",7435.31,0.2,2026-08-20
INV-103212,"Everline Electrical",4001.6,0.2,2026-08-21
INV-103213,"Cascade Office Supplies",8201.4,0.2,2026-08-22
INV-103214,"Ironside Security",859.21,0.2,2026-08-23
INV-103215,"Alderman Logistics",84.45,0.2,2026-08-24
INV-103216,"Quarryside Aggregates",2839.82,0.2,2026-08-25
INV-103217,"Alderman Logistics",839.27,0.2,2026-08-26
INV-103218,"Foxglove Catering",1199.4,0.2,2026-08-27
INV-103219,"Northfield Timber Co",5660.93,0.2,2026-08-28
INV-103220,"Alderman Logistics",5936.21,0.2,2026-09-01
INV-103221,"Oakwood Landscaping",7687.85,0.2,2026-09-02
INV-103222,"Northfield Timber Co",2370.63,0.2,2026-09-03
INV-103223,"Berkshire Print & Signage",5272.63,0.2,2026-09-04
INV-103224,"Everline Electrical",5137.03,0.2,2026-09-05
INV-103225,"Riverside Maintenance",8289.02,0.2,2026-09-06
INV-103226,"Foxglove Catering",264.05,0.2,2026-09-07
INV-103227,"Harbour Point Packaging",7938.66,0.2,2026-09-08
INV-103228,"Oakwood Landscaping",8268.1,0.2,2026-09-09
INV-103229,"Northfield Timber Co",2280.62,0.2,2026-09-10
INV-103230,"Ironside Security",5996.11,0.2,2026-09-11
INV-103231,"Northfield Timber Co",484.2,0.2,2026-09-12
INV-103232,"Delta Facilities Group",949.66,0.2,2026-09-13
INV-103233,"Juniper IT Services",5030.14,0.2,2026-09-14
INV-103234,"Riverside Maintenance",430.16,0.2,2026-09-15
INV-103235,"Northfield Timber Co",6989.17,0.2,2026-09-16
INV-103236,"Newton Freight",270.86,0.2,2026-09-17
INV-103237,"Pinnacle Consulting",141.03,0.2,2026-09-18
INV-103238,"Everline Electrical",512.62,0.2,2026-09-19
INV-103239,"Ironside Security",7207.88,0.2,2026-09-20
INV-103240,"Solstice Energy Partners",8783.47,0.2,2026-09-21
INV-103241,"Riverside Maintenance",4394.83,0.2,2026-09-22
INV-103242,"Granite Fleet Services",7725.39,0.2,2026-09-23
INV-103243,"Newton Freight",6432.18,0.2,2026-09-24
INV-103244,"Pinnacle Consulting",2252.96,0.2,2026-09-25
INV-103245,"Cascade Office Supplies",4376.13,0.2,2026-09-26
INV-103246,"Pinnacle Consulting",1340.22,0.2,2026-09-27
INV-103247,"Solstice Energy Partners",4760.31,0.2,2026-09-28
INV-103248,"Berkshire Print & Signage",344.42,0.2,2026-08-01
INV-103249,"Quarryside Aggregates",8160.74,0.2,2026-08-02
INV-103250,"Oakwood Landscaping",4377.23,0.2,2026-08-03
INV-103251,"Northfield Timber Co",5844.72,0.2,2026-08-04
INV-103252,"Larkspur Cleaning Contracts",5128.1,0.2,2026-08-05
INV-103253,"Alderman Logistics",8180.78,0.2,2026-08-06
INV-103254,"Northfield Timber Co",4117.16,0.2,2026-08-07
INV-103255,"Oakwood Landscaping",7989.83,0.2,2026-08-08
INV-103256,"Cascade Office Supplies",3910.5,0.2,2026-08-09
INV-103257,"Riverside Maintenance",5897.3,0.2,2026-08-10
INV-103258,"Ironside Security",7176.8,0.2,2026-08-11
INV-103259,"Juniper IT Services",8275.87,0.2,2026-08-12
INV-103260,"Newton Freight",8721.94,0.2,2026-08-13
INV-103261,"Quarryside Aggregates",2312.68,0.2,2026-08-14
INV-103262,"Oakwood Landscaping",1810.63,0.2,2026-08-15
INV-103263,"Solstice Energy Partners",8562.02,0.2,2026-08-16
INV-103264,"Larkspur Cleaning Contracts",1302.31,0.2,2026-08-17
INV-103265,"Kestrel Waste Management",6241.02,0.2,2026-08-18
INV-103266,"Ironside Security",942.19,0.2,2026-08-19
INV-103267,"Foxglove Catering",5857.13,0.2,2026-08-20
INV-103268,"Riverside Maintenance",8988.53,0.2,2026-08-21
INV-103269,"Solstice Energy Partners",4924.03,0.2,2026-08-22
INV-103270,"Northfield Timber Co",7746.23,0.2,2026-08-23
INV-103271,"Berkshire Print & Signage",2285.92,0.2,2026-08-24
INV-103272,"Pinnacle Consulting",329.04,0.2,2026-08-25
INV-103273,"Berkshire Print & Signage",6876.61,0.2,2026-08-26
INV-103274,"Harbour Point Packaging",6418.61,0.2,2026-08-27
INV-103275,"Quarryside Aggregates",1527.15,0.2,2026-08-28
INV-103276,"Newton Freight",6786.98,0.2,2026-09-01
INV-103277,"Ironside Security",4003.63,0.2,2026-09-02
INV-103278,"Granite Fleet Services",4724.69,0.2,2026-09-03
INV-103279,"Quarryside Aggregates",2125,0.2,2026-09-04
INV-103280,"Riverside Maintenance",8787.44,0.2,2026-09-05
INV-103281,"Juniper IT Services",7603.92,0.2,2026-09-06
INV-103282,"Larkspur Cleaning Contracts",310.89,0.2,2026-09-07
INV-103283,"Solstice Energy Partners",3666.8,0.2,2026-09-08
INV-103284,"Pinnacle Consulting",3823.75,0.2,2026-09-09
INV-103285,"Granite Fleet Services",7127.52,0.2,2026-09-10
INV-103286,"Harbour Point Packaging",9131.23,0.2,2026-09-11
INV-103287,"Kestrel Waste Management",1680.74,0.2,2026-09-12
INV-103288,"Solstice Energy Partners",5594.7,0.2,2026-09-13
INV-103289,"Riverside Maintenance",4813.04,0.2,2026-09-14
INV-103290,"Alderman Logistics",3718.1,0.2,2026-09-15
INV-103291,"Quarryside Aggregates",840.34,0.2,2026-09-16
INV-103292,"Oakwood Landscaping",6909.78,0.2,2026-09-17
INV-103293,"Northfield Timber Co",4089.42,0.2,2026-09-18
INV-103294,"Ironside Security",5181.59,0.2,2026-09-19
INV-103295,"Alderman Logistics",6189.58,0.2,2026-09-20
INV-103296,"Quarryside Aggregates",2118.02,0.2,2026-09-21
INV-103297,"Larkspur Cleaning Contracts",5673.76,0.2,2026-09-22
INV-103298,"Quarryside Aggregates",2453.12,0.2,2026-09-23
INV-103299,"Riverside Maintenance",6286.21,0.2,2026-09-24
INV-103300,"Alderman Logistics",7631.56,0.2,2026-09-25
INV-103301,"Juniper IT Services",7303.17,0.2,2026-09-26
INV-103302,"Juniper IT Services",9199.87,0.2,2026-09-27
INV-103303,"Northfield Timber Co",9072.41,0.2,2026-09-28
INV-103304,"Juniper IT Services",6041.1,0.2,2026-08-01
INV-103305,"Quarryside Aggregates",5554.93,0.2,2026-08-02
INV-103306,"Newton Freight",6250.74,0.2,2026-08-03
INV-103307,"Larkspur Cleaning Contracts",1305.04,0.2,2026-08-04
INV-103308,"Ironside Security",3882.81,0.2,2026-08-05
INV-103309,"Juniper IT Services",8201.48,0.2,2026-08-06
INV-103310,"Ironside Security",73.13,0.2,2026-08-07
INV-103311,"Foxglove Catering",9085.8,0.2,2026-08-08
INV-103312,"Harbour Point Packaging",5489.73,0.2,2026-08-09
INV-103313,"Juniper IT Services",4362.2,0.2,2026-08-10
INV-103314,"Juniper IT Services",1588.38,0.2,2026-08-11
INV-103315,"Delta Facilities Group",4222.04,0.2,2026-08-12
INV-103316,"Granite Fleet Services",2292.1,0.2,2026-08-13
INV-103317,"Granite Fleet Services",1224.25,0.2,2026-08-14
INV-103318,"Granite Fleet Services",2113.22,0.2,2026-08-15
INV-103319,"Oakwood Landscaping",5272.88,0.2,2026-08-16
INV-103320,"Juniper IT Services",2021.82,0.2,2026-08-17
INV-103321,"Newton Freight",4630.22,0.2,2026-08-18
INV-103322,"Quarryside Aggregates",7590.26,0.2,2026-08-19
INV-103323,"Cascade Office Supplies",8400.14,0.2,2026-08-20
INV-103324,"Everline Electrical",9252.68,0.2,2026-08-21
INV-103325,"Cascade Office Supplies",6431.99,0.2,2026-08-22
INV-103326,"Oakwood Landscaping",336.61,0.2,2026-08-23
INV-103327,"Cascade Office Supplies",1610.16,0.2,2026-08-24
INV-103328,"Berkshire Print & Signage",6491.04,0.2,2026-08-25
INV-103329,"Harbour Point Packaging",3530.47,0.2,2026-08-26
INV-103330,"Oakwood Landscaping",5160.63,0.2,2026-08-27
INV-103331,"Pinnacle Consulting",5795.62,0.2,2026-08-28
INV-103332,"Cascade Office Supplies",3920.59,0.2,2026-09-01
INV-103333,"Larkspur Cleaning Contracts",675.35,0.2,2026-09-02
INV-103334,"Alderman Logistics",1739.49,0.2,2026-09-03
INV-103335,"Pinnacle Consulting",7295.98,0.2,2026-09-04
INV-103336,"Solstice Energy Partners",4914.86,0.2,2026-09-05
INV-103337,"Granite Fleet Services",948.17,0.2,2026-09-06
INV-103338,"Berkshire Print & Signage",5317.8,0.2,2026-09-07
INV-103339,"Delta Facilities Group",5401.55,0.2,2026-09-08
INV-103340,"Foxglove Catering",4699.98,0.2,2026-09-09
INV-103341,"Everline Electrical",857.2,0.2,2026-09-10
INV-103342,"Everline Electrical",284.78,0.2,2026-09-11
INV-103343,"Granite Fleet Services",806.77,0.2,2026-09-12
INV-103344,"Larkspur Cleaning Contracts",4872.54,0.2,2026-09-13
INV-103345,"Cascade Office Supplies",3212.88,0.2,2026-09-14
INV-103346,"Delta Facilities Group",9042.21,0.2,2026-09-15
INV-103347,"Delta Facilities Group",51.25,0.2,2026-09-16
INV-103348,"Quarryside Aggregates",6059.24,0.2,2026-09-17
INV-103349,"Delta Facilities Group",8411.2,0.2,2026-09-18
INV-103350,"Alderman Logistics",9458.8,0.2,2026-09-19
INV-103351,"Berkshire Print & Signage",6796.21,0.2,2026-09-20
INV-103352,"Berkshire Print & Signage",4662.77,0.2,2026-09-21
INV-103353,"Everline Electrical",3932.34,0.2,2026-09-22
INV-103354,"Kestrel Waste Management",682.85,0.2,2026-09-23
INV-103355,"Kestrel Waste Management",2323.27,0.2,2026-09-24
INV-103356,"Delta Facilities Group",4621.29,0.2,2026-09-25
INV-103357,"Newton Freight",8687.77,0.2,2026-09-26
INV-103358,"Quarryside Aggregates",2623.72,0.2,2026-09-27
INV-103359,"Newton Freight",1960.09,0.2,2026-09-28
INV-103360,"Northfield Timber Co",2669.68,0.2,2026-08-01
INV-103361,"Foxglove Catering",7960.89,0.2,2026-08-02
INV-103362,"Northfield Timber Co",5472.75,0.2,2026-08-03
INV-103363,"Newton Freight",8516.12,0.2,2026-08-04
INV-103364,"Foxglove Catering",4037.52,0.2,2026-08-05
INV-103365,"Harbour Point Packaging",9355.39,0.2,2026-08-06
INV-103366,"Delta Facilities Group",6127.49,0.2,2026-08-07
INV-103367,"Ironside Security",8080.55,0.2,2026-08-08
INV-103368,"Foxglove Catering",6983.49,0.2,2026-08-09
INV-103369,"Granite Fleet Services",4362.29,0.2,2026-08-10
INV-103370,"Granite Fleet Services",3145.51,0.2,2026-08-11
INV-103371,"Pinnacle Consulting",5037,0.2,2026-08-12
INV-103372,"Riverside Maintenance",6616.5,0.2,2026-08-13
INV-103373,"Larkspur Cleaning Contracts",8156.22,0.2,2026-08-14
INV-103374,"Kestrel Waste Management",4024.69,0.2,2026-08-15
INV-103375,"Harbour Point Packaging",9293.93,0.2,2026-08-16
INV-103376,"Granite Fleet Services",3827.86,0.2,2026-08-17
INV-103377,"Riverside Maintenance",1273.35,0.2,2026-08-18
INV-103378,"Delta Facilities Group",1619.65,0.2,2026-08-19
INV-103379,"Cascade Office Supplies",3451.83,0.2,2026-08-20
INV-103380,"Larkspur Cleaning Contracts",2984.94,0.2,2026-08-21
INV-103381,"Cascade Office Supplies",5519.8,0.2,2026-08-22
INV-103382,"Juniper IT Services",4880.55,0.2,2026-08-23
INV-103383,"Quarryside Aggregates",6347.96,0.2,2026-08-24
INV-103384,"Juniper IT Services",8385.43,0.2,2026-08-25
INV-103385,"Larkspur Cleaning Contracts",2084.56,0.2,2026-08-26
INV-103386,"Delta Facilities Group",711.3,0.2,2026-08-27
INV-103387,"Harbour Point Packaging",8437.78,0.2,2026-08-28
INV-103388,"Berkshire Print & Signage",9280.92,0.2,2026-09-01
INV-103389,"Cascade Office Supplies",6169.64,0.2,2026-09-02
INV-103390,"Quarryside Aggregates",3720.39,0.2,2026-09-03
INV-103391,"Newton Freight",4216.24,0.2,2026-09-04
INV-103392,"Pinnacle Consulting",4043.11,0.2,2026-09-05
INV-103393,"Foxglove Catering",9010.39,0.2,2026-09-06
INV-103394,"Northfield Timber Co",3353.92,0.2,2026-09-07
INV-103395,"Kestrel Waste Management",7915.34,0.2,2026-09-08
INV-103396,"Northfield Timber Co",6154.52,0.2,2026-09-09
INV-103397,"Granite Fleet Services",244.89,0.2,2026-09-10
INV-103398,"Harbour Point Packaging",8282.75,0.2,2026-09-11
INV-103399,"Juniper IT Services",4659.01,0.2,2026-09-12
INV-103400,"Granite Fleet Services",4597.63,0.2,2026-09-13
INV-103401,"Foxglove Catering",5867.18,0.2,2026-09-14
INV-103402,"Larkspur Cleaning Contracts",118.18,0.2,2026-09-15
INV-103403,"Solstice Energy Partners",2312.07,0.2,2026-09-16
INV-103404,"Juniper IT Services",3444.39,0.2,2026-09-17
INV-103405,"Foxglove Catering",2613.42,0.2,2026-09-18
INV-103406,"Cascade Office Supplies",1942.28,0.2,2026-09-19
INV-103407,"Berkshire Print & Signage",7013.02,0.2,2026-09-20
INV-103408,"Oakwood Landscaping",6137.7,0.2,2026-09-21
INV-103409,"Riverside Maintenance",2696.01,0.2,2026-09-22
INV-103410,"Ironside Security",663.83,0.2,2026-09-23
INV-103411,"Juniper IT Services",219.29,0.2,2026-09-24
INV-103412,"Newton Freight",4053.07,0.2,2026-09-25
INV-103413,"Riverside Maintenance",5374.11,0.2,2026-09-26
INV-103414,"Solstice Energy Partners",9052.84,0.2,2026-09-27
INV-103415,"Foxglove Catering",6527.56,0.2,2026-09-28
INV-103416,"Ironside Security",8715.86,0.2,2026-08-01
INV-103417,"Northfield Timber Co",44.05,0.2,2026-08-02
INV-103418,"Solstice Energy Partners",8043.82,0.2,2026-08-03
INV-103419,"Granite Fleet Services",5740.53,0.2,2026-08-04
INV-103420,"Juniper IT Services",7927.04,0.2,2026-08-05
INV-103421,"Oakwood Landscaping",5073.2,0.2,2026-08-06
INV-103422,"Pinnacle Consulting",4492.48,0.2,2026-08-07
INV-103423,"Newton Freight",4377.76,0.2,2026-08-08
INV-103424,"Harbour Point Packaging",6103.8,0.2,2026-08-09
INV-103425,"Riverside Maintenance",4160.26,0.2,2026-08-10
INV-103426,"Juniper IT Services",7755.92,0.2,2026-08-11
INV-103427,"Ironside Security",8247.47,0.2,2026-08-12
INV-103428,"Cascade Office Supplies",5131.83,0.2,2026-08-13
INV-103429,"Quarryside Aggregates",9309.91,0.2,2026-08-14
INV-103430,"Oakwood Landscaping",8949.85,0.2,2026-08-15
INV-103431,"Cascade Office Supplies",986.49,0.2,2026-08-16
INV-103432,"Riverside Maintenance",7660.06,0.2,2026-08-17
INV-103433,"Cascade Office Supplies",5669.53,0.2,2026-08-18
INV-103434,"Kestrel Waste Management",5525.02,0.2,2026-08-19
INV-103435,"Delta Facilities Group",2747.08,0.2,2026-08-20
INV-103436,"Everline Electrical",851.47,0.2,2026-08-21
INV-103437,"Riverside Maintenance",7614.92,0.2,2026-08-22
INV-103438,"Juniper IT Services",1506.18,0.2,2026-08-23
INV-103439,"Harbour Point Packaging",9190.85,0.2,2026-08-24
INV-103440,"Ironside Security",8321.98,0.2,2026-08-25
INV-103441,"Delta Facilities Group",3201.62,0.2,2026-08-26
INV-103442,"Newton Freight",6711.99,0.2,2026-08-27
INV-103443,"Harbour Point Packaging",3972.05,0.2,2026-08-28
INV-103444,"Everline Electrical",3986.11,0.2,2026-09-01
INV-103445,"Granite Fleet Services",2726.49,0.2,2026-09-02
INV-103446,"Northfield Timber Co",5730.37,0.2,2026-09-03
INV-103447,"Alderman Logistics",8038.96,0.2,2026-09-04
INV-103448,"Kestrel Waste Management",1544.58,0.2,2026-09-05
INV-103449,"Everline Electrical",9268.63,0.2,2026-09-06
INV-103450,"Juniper IT Services",5580.11,0.2,2026-09-07
INV-103451,"Alderman Logistics",6358.46,0.2,2026-09-08
INV-103452,"Solstice Energy Partners",5469.41,0.2,2026-09-09
INV-103453,"Quarryside Aggregates",2027.16,0.2,2026-09-10
INV-103454,"Quarryside Aggregates",3288.14,0.2,2026-09-11
INV-103455,"Everline Electrical",8921.89,0.2,2026-09-12
INV-103456,"Berkshire Print & Signage",4692.85,0.2,2026-09-13
INV-103457,"Harbour Point Packaging",5302.96,0.2,2026-09-14
INV-103458,"Granite Fleet Services",1876.62,0.2,2026-09-15
INV-103459,"Foxglove Catering",6149.64,0.2,2026-09-16
INV-103460,"Oakwood Landscaping",8104.56,0.2,2026-09-17
INV-103461,"Harbour Point Packaging",9004.99,0.2,2026-09-18
INV-103462,"Kestrel Waste Management",7992.79,0.2,2026-09-19
INV-103463,"Granite Fleet Services",9460.03,0.2,2026-09-20
INV-103464,"Larkspur Cleaning Contracts",1888.34,0.2,2026-09-21
INV-103465,"Alderman Logistics",2112.44,0.2,2026-09-22
INV-103466,"Granite Fleet Services",155.12,0.2,2026-09-23
INV-103467,"Everline Electrical",967.71,0.2,2026-09-24
INV-103468,"Oakwood Landscaping",8785,0.2,2026-09-25
INV-103469,"Juniper IT Services",5660.26,0.2,2026-09-26
INV-103470,"Berkshire Print & Signage",7670.4,0.2,2026-09-27
INV-103471,"Newton Freight",2751.12,0.2,2026-09-28
INV-103472,"Alderman Logistics",7999.38,0.2,2026-08-01
INV-103473,"Delta Facilities Group",2030.56,0.2,2026-08-02
INV-103474,"Pinnacle Consulting",8584.93,0.2,2026-08-03
INV-103475,"Harbour Point Packaging",5738.78,0.2,2026-08-04
INV-103476,"Newton Freight",4309.9,0.2,2026-08-05
INV-103477,"Ironside Security",485.96,0.2,2026-08-06
INV-103478,"Kestrel Waste Management",1511.5,0.2,2026-08-07
INV-103479,"Ironside Security",4055.8,0.2,2026-08-08
INV-103480,"Foxglove Catering",6959.91,0.2,2026-08-09
INV-103481,"Alderman Logistics",4980.23,0.2,2026-08-10
INV-103482,"Delta Facilities Group",2680.45,0.2,2026-08-11
INV-103483,"Ironside Security",4858.12,0.2,2026-08-12
INV-103484,"Larkspur Cleaning Contracts",2383.65,0.2,2026-08-13
INV-103485,"Delta Facilities Group",6272.31,0.2,2026-08-14
INV-103486,"Kestrel Waste Management",7042.76,0.2,2026-08-15
INV-103487,"Harbour Point Packaging",7908.79,0.2,2026-08-16
INV-103488,"Berkshire Print & Signage",8496.16,0.2,2026-08-17
INV-103489,"Granite Fleet Services",5589.69,0.2,2026-08-18
INV-103490,"Harbour Point Packaging",4170.14,0.2,2026-08-19
INV-103491,"Oakwood Landscaping",8975.91,0.2,2026-08-20
INV-103492,"Granite Fleet Services",470.93,0.2,2026-08-21
INV-103493,"Everline Electrical",1928.91,0.2,2026-08-22
INV-103494,"Northfield Timber Co",6594.45,0.2,2026-08-23
INV-103495,"Granite Fleet Services",4283.18,0.2,2026-08-24
INV-103496,"Cascade Office Supplies",5500.17,0.2,2026-08-25
INV-103497,"Northfield Timber Co",6882.75,0.2,2026-08-26
INV-103498,"Quarryside Aggregates",6923.3,0.2,2026-08-27
INV-103499,"Harbour Point Packaging",2548.33,0.2,2026-08-28
INV-103500,"Berkshire Print & Signage",3687,0.2,2026-09-01
INV-103501,"Newton Freight",6390.3,0.2,2026-09-02
INV-103502,"Riverside Maintenance",2383.33,0.2,2026-09-03
INV-103503,"Ironside Security",1921.33,0.2,2026-09-04
INV-103504,"Everline Electrical",840.62,0.2,2026-09-05
INV-103505,"Newton Freight",2568.87,0.2,2026-09-06
INV-103506,"Ironside Security",3211.46,0.2,2026-09-07
INV-103507,"Larkspur Cleaning Contracts",5020.29,0.2,2026-09-08
INV-103508,"Solstice Energy Partners",1859.95,0.2,2026-09-09
INV-103509,"Granite Fleet Services",5203.03,0.2,2026-09-10
INV-103510,"Berkshire Print & Signage",3037.81,0.2,2026-09-11
INV-103511,"Solstice Energy Partners",8298.24,0.2,2026-09-12
INV-103512,"Northfield Timber Co",1606.82,0.2,2026-09-13
INV-103513,"Newton Freight",1463.45,0.2,2026-09-14
INV-103514,"Delta Facilities Group",6983.64,0.2,2026-09-15
INV-103515,"Pinnacle Consulting",5848.29,0.2,2026-09-16
INV-103516,"Foxglove Catering",554.29,0.2,2026-09-17
INV-103517,"Harbour Point Packaging",4725.19,0.2,2026-09-18
INV-103518,"Newton Freight",4058.54,0.2,2026-09-19
INV-103519,"Pinnacle Consulting",2485.3,0.2,2026-09-20
INV-103520,"Foxglove Catering",3847.11,0.2,2026-09-21
INV-103521,"Oakwood Landscaping",4457.93,0.2,2026-09-22
INV-103522,"Foxglove Catering",7037.14,0.2,2026-09-23
INV-103523,"Kestrel Waste Management",6222.35,0.2,2026-09-24
INV-103524,"Granite Fleet Services",3191.23,0.2,2026-09-25
INV-103525,"Solstice Energy Partners",8333.93,0.2,2026-09-26
INV-103526,"Solstice Energy Partners",9255.42,0.2,2026-09-27
INV-103527,"Quarryside Aggregates",5279.08,0.2,2026-09-28
INV-103528,"Oakwood Landscaping",2851.17,0.2,2026-08-01
INV-103529,"Harbour Point Packaging",981.89,0.2,2026-08-02
INV-103530,"Ironside Security",8507.46,0.2,2026-08-03
INV-103531,"Newton Freight",7855.3,0.2,2026-08-04
INV-103532,"Solstice Energy Partners",5724.73,0.2,2026-08-05
INV-103533,"Pinnacle Consulting",8229.64,0.2,2026-08-06
INV-103534,"Pinnacle Consulting",8203,0.2,2026-08-07
INV-103535,"Juniper IT Services",3303.44,0.2,2026-08-08
INV-103536,"Everline Electrical",3567.01,0.2,2026-08-09
INV-103537,"Harbour Point Packaging",3883.28,0.2,2026-08-10
INV-103538,"Berkshire Print & Signage",8779.08,0.2,2026-08-11
INV-103539,"Delta Facilities Group",2122.06,0.2,2026-08-12
INV-103540,"Everline Electrical",8811.68,0.2,2026-08-13
INV-103541,"Delta Facilities Group",1575.05,0.2,2026-08-14
INV-103542,"Larkspur Cleaning Contracts",8859.24,0.2,2026-08-15
INV-103543,"Berkshire Print & Signage",7016.69,0.2,2026-08-16
INV-103544,"Larkspur Cleaning Contracts",147.71,0.2,2026-08-17
INV-103545,"Solstice Energy Partners",3476.89,0.2,2026-08-18
INV-103546,"Larkspur Cleaning Contracts",1667.31,0.2,2026-08-19
INV-103547,"Newton Freight",3079.31,0.2,2026-08-20
INV-103548,"Foxglove Catering",2442.3,0.2,2026-08-21
INV-103549,"Larkspur Cleaning Contracts",4262.1,0.2,2026-08-22
INV-103550,"Northfield Timber Co",5446.03,0.2,2026-08-23
INV-103551,"Cascade Office Supplies",6889.34,0.2,2026-08-24
INV-103552,"Pinnacle Consulting",764.58,0.2,2026-08-25
INV-103553,"Pinnacle Consulting",5982.6,0.2,2026-08-26
INV-103554,"Cascade Office Supplies",6752.31,0.2,2026-08-27
INV-103555,"Everline Electrical",3555.81,0.2,2026-08-28
INV-103556,"Quarryside Aggregates",8499.54,0.2,2026-09-01
INV-103557,"Riverside Maintenance",6286.45,0.2,2026-09-02
INV-103558,"Northfield Timber Co",2087.08,0.2,2026-09-03
INV-103559,"Harbour Point Packaging",2745.63,0.2,2026-09-04
INV-103560,"Berkshire Print & Signage",7761.89,0.2,2026-09-05
INV-103561,"Quarryside Aggregates",6053.48,0.2,2026-09-06
INV-103562,"Solstice Energy Partners",253.15,0.2,2026-09-07
INV-103563,"Juniper IT Services",3848.76,0.2,2026-09-08
INV-103564,"Foxglove Catering",5587.64,0.2,2026-09-09
INV-103565,"Riverside Maintenance",1889.11,0.2,2026-09-10
INV-103566,"Alderman Logistics",4505.75,0.2,2026-09-11
INV-103567,"Larkspur Cleaning Contracts",1278.8,0.2,2026-09-12
INV-103568,"Northfield Timber Co",1258.48,0.2,2026-09-13
INV-103569,"Juniper IT Services",2891.12,0.2,2026-09-14
INV-103570,"Juniper IT Services",1872.22,0.2,2026-09-15
INV-103571,"Everline Electrical",3223.94,0.2,2026-09-16
INV-103572,"Newton Freight",7844.63,0.2,2026-09-17
INV-103573,"Oakwood Landscaping",470.39,0.2,2026-09-18
INV-103574,"Cascade Office Supplies",4050.14,0.2,2026-09-19
INV-103575,"Delta Facilities Group",2380.98,0.2,2026-09-20
INV-103576,"Juniper IT Services",602.73,0.2,2026-09-21
INV-103577,"Juniper IT Services",2231.62,0.2,2026-09-22
INV-103578,"Kestrel Waste Management",7715.6,0.2,2026-09-23
INV-103579,"Oakwood Landscaping",6620.84,0.2,2026-09-24
INV-103580,"Quarryside Aggregates",3529.59,0.2,2026-09-25
INV-103581,"Oakwood Landscaping",2242.65,0.2,2026-09-26
INV-103582,"Alderman Logistics",496,0.2,2026-09-27
INV-103583,"Everline Electrical",3686.53,0.2,2026-09-28
INV-103584,"Everline Electrical",5927.05,0.2,2026-08-01
INV-103585,"Alderman Logistics",1412.22,0.2,2026-08-02
INV-103586,"Harbour Point Packaging",1585.85,0.2,2026-08-03
INV-103587,"Pinnacle Consulting",3152.93,0.2,2026-08-04
INV-103588,"Newton Freight",3503.89,0.2,2026-08-05
INV-103589,"Oakwood Landscaping",5960.08,0.2,2026-08-06
INV-103590,"Riverside Maintenance",8825.13,0.2,2026-08-07
INV-103591,"Solstice Energy Partners",9367.78,0.2,2026-08-08
INV-103592,"Delta Facilities Group",2397.24,0.2,2026-08-09
INV-103593,"Larkspur Cleaning Contracts",2717.4,0.2,2026-08-10
INV-103594,"Granite Fleet Services",528.16,0.2,2026-08-11
INV-103595,"Oakwood Landscaping",3643.48,0.2,2026-08-12
INV-103596,"Granite Fleet Services",7944.09,0.2,2026-08-13
INV-103597,"Delta Facilities Group",6157.3,0.2,2026-08-14
INV-103598,"Alderman Logistics",351.91,0.2,2026-08-15
INV-103599,"Berkshire Print & Signage",652.55,0.2,2026-08-16
INV-103600,"Harbour Point Packaging",7603.65,0.2,2026-08-17
INV-103601,"Alderman Logistics",3811.29,0.2,2026-08-18
INV-103602,"Delta Facilities Group",8913.84,0.2,2026-08-19
INV-103603,"Pinnacle Consulting",4873.82,0.2,2026-08-20
INV-103604,"Solstice Energy Partners",8286.15,0.2,2026-08-21
INV-103605,"Larkspur Cleaning Contracts",6261.24,0.2,2026-08-22
INV-103606,"Quarryside Aggregates",6200.94,0.2,2026-08-23
INV-103607,"Newton Freight",642.07,0.2,2026-08-24
INV-103608,"Alderman Logistics",5913.36,0.2,2026-08-25
INV-103609,"Juniper IT Services",2860.86,0.2,2026-08-26
INV-103610,"Newton Freight",3249.27,0.2,2026-08-27
INV-103611,"Cascade Office Supplies",4663.05,0.2,2026-08-28
INV-103612,"Riverside Maintenance",2501.36,0.2,2026-09-01
INV-103613,"Larkspur Cleaning Contracts",5982.27,0.2,2026-09-02
INV-103614,"Solstice Energy Partners",5919.29,0.2,2026-09-03
INV-103615,"Delta Facilities Group",302.19,0.2,2026-09-04
INV-103616,"Alderman Logistics",7331.96,0.2,2026-09-05
INV-103617,"Cascade Office Supplies",6003.12,0.2,2026-09-06
INV-103618,"Larkspur Cleaning Contracts",6520.05,0.2,2026-09-07
INV-103619,"Cascade Office Supplies",6262.29,0.2,2026-09-08
INV-103620,"Foxglove Catering",2801.17,0.2,2026-09-09
INV-103621,"Berkshire Print & Signage",8646.32,0.2,2026-09-10
INV-103622,"Foxglove Catering",6559.89,0.2,2026-09-11
INV-103623,"Larkspur Cleaning Contracts",6880.48,0.2,2026-09-12
INV-103624,"Quarryside Aggregates",2230.35,0.2,2026-09-13
INV-103625,"Larkspur Cleaning Contracts",8646.97,0.2,2026-09-14
INV-103626,"Harbour Point Packaging",2165.14,0.2,2026-09-15
INV-103627,"Quarryside Aggregates",4650.25,0.2,2026-09-16
INV-103628,"Granite Fleet Services",5915.67,0.2,2026-09-17
INV-103629,"Foxglove Catering",5758.79,0.2,2026-09-18
INV-103630,"Quarryside Aggregates",5080.92,0.2,2026-09-19
INV-103631,"Riverside Maintenance",5916.64,0.2,2026-09-20
INV-103632,"Pinnacle Consulting",6860.92,0.2,2026-09-21
INV-103633,"Quarryside Aggregates",6542.68,0.2,2026-09-22
INV-103634,"Kestrel Waste Management",4301.27,0.2,2026-09-23
INV-103635,"Solstice Energy Partners",3346.5,0.2,2026-09-24
INV-103636,"Juniper IT Services",5350.07,0.2,2026-09-25
INV-103637,"Foxglove Catering",164.22,0.2,2026-09-26
INV-103638,"Quarryside Aggregates",758.12,0.2,2026-09-27
INV-103639,"Solstice Energy Partners",621.29,0.2,2026-09-28
INV-103640,"Kestrel Waste Management",5126.27,0.2,2026-08-01
INV-103641,"Delta Facilities Group",5845.53,0.2,2026-08-02
INV-103642,"Juniper IT Services",812.25,0.2,2026-08-03
INV-103643,"Newton Freight",9316.64,0.2,2026-08-04
INV-103644,"Pinnacle Consulting",7623.04,0.2,2026-08-05
INV-103645,"Riverside Maintenance",2362.99,0.2,2026-08-06
INV-103646,"Ironside Security",5702.45,0.2,2026-08-07
INV-103647,"Kestrel Waste Management",4248.76,0.2,2026-08-08
INV-103648,"Larkspur Cleaning Contracts",982.15,0.2,2026-08-09
INV-103649,"Cascade Office Supplies",8861.87,0.2,2026-08-10
INV-103650,"Northfield Timber Co",2895.41,0.2,2026-08-11
INV-103651,"Harbour Point Packaging",8588.75,0.2,2026-08-12
INV-103652,"Foxglove Catering",2486.84,0.2,2026-08-13
INV-103653,"Newton Freight",8412.89,0.2,2026-08-14
INV-103654,"Larkspur Cleaning Contracts",6170.48,0.2,2026-08-15
INV-103655,"Oakwood Landscaping",1014.02,0.2,2026-08-16
INV-103656,"Harbour Point Packaging",7798.41,0.2,2026-08-17
INV-103657,"Quarryside Aggregates",2279.76,0.2,2026-08-18
INV-103658,"Granite Fleet Services",8730.56,0.2,2026-08-19
INV-103659,"Newton Freight",4548.65,0.2,2026-08-20
INV-103660,"Oakwood Landscaping",1000.14,0.2,2026-08-21
INV-103661,"Kestrel Waste Management",9045.07,0.2,2026-08-22
INV-103662,"Solstice Energy Partners",5523.76,0.2,2026-08-23
INV-103663,"Solstice Energy Partners",7116.3,0.2,2026-08-24
INV-103664,"Solstice Energy Partners",5378.47,0.2,2026-08-25
INV-103665,"Newton Freight",8400.3,0.2,2026-08-26
INV-103666,"Quarryside Aggregates",5780.68,0.2,2026-08-27
INV-103667,"Juniper IT Services",43.11,0.2,2026-08-28
INV-103668,"Ironside Security",1010.13,0.2,2026-09-01
INV-103669,"Ironside Security",3079.6,0.2,2026-09-02
INV-103670,"Newton Freight",3035.14,0.2,2026-09-03
INV-103671,"Newton Freight",980.59,0.2,2026-09-04
INV-103672,"Delta Facilities Group",8251.06,0.2,2026-09-05
INV-103673,"Berkshire Print & Signage",965.81,0.2,2026-09-06
INV-103674,"Newton Freight",1539.7,0.2,2026-09-07
INV-103675,"Everline Electrical",5942.24,0.2,2026-09-08
INV-103676,"Cascade Office Supplies",8486.05,0.2,2026-09-09
INV-103677,"Solstice Energy Partners",6997.04,0.2,2026-09-10
INV-103678,"Ironside Security",8945.87,0.2,2026-09-11
INV-103679,"Berkshire Print & Signage",4201.03,0.2,2026-09-12
INV-103680,"Ironside Security",2229.03,0.2,2026-09-13
INV-103681,"Alderman Logistics",8971.69,0.2,2026-09-14
INV-103682,"Oakwood Landscaping",2537.07,0.2,2026-09-15
INV-103683,"Solstice Energy Partners",8717.07,0.2,2026-09-16
INV-103684,"Kestrel Waste Management",8286.23,0.2,2026-09-17
INV-103685,"Kestrel Waste Management",7785.05,0.2,2026-09-18
INV-103686,"Pinnacle Consulting",2149.36,0.2,2026-09-19
INV-103687,"Alderman Logistics",623.3,0.2,2026-09-20
INV-103688,"Delta Facilities Group",3093.17,0.2,2026-09-21
INV-103689,"Pinnacle Consulting",8598.27,0.2,2026-09-22
INV-103690,"Juniper IT Services",4938.48,0.2,2026-09-23
INV-103691,"Northfield Timber Co",6223.4,0.2,2026-09-24
INV-103692,"Berkshire Print & Signage",1647.57,0.2,2026-09-25
INV-103693,"Oakwood Landscaping",4227.12,0.2,2026-09-26
INV-103694,"Riverside Maintenance",3377.7,0.2,2026-09-27
INV-103695,"Harbour Point Packaging",3359.12,0.2,2026-09-28
INV-103696,"Granite Fleet Services",1720.7,0.2,2026-08-01
INV-103697,"Newton Freight",986.15,0.2,2026-08-02
INV-103698,"Ironside Security",3080.48,0.2,2026-08-03
INV-103699,"Larkspur Cleaning Contracts",5560.22,0.2,2026-08-04
INV-103700,"Quarryside Aggregates",3518.4,0.2,2026-08-05
INV-103701,"Kestrel Waste Management",8353.99,0.2,2026-08-06
INV-103702,"Kestrel Waste Management",3353.86,0.2,2026-08-07
INV-103703,"Kestrel Waste Management",8862.99,0.2,2026-08-08
INV-103704,"Oakwood Landscaping",1751.89,0.2,2026-08-09
INV-103705,"Ironside Security",326.46,0.2,2026-08-10
INV-103706,"Oakwood Landscaping",5976,0.2,2026-08-11
INV-103707,"Riverside Maintenance",9000.64,0.2,2026-08-12
INV-103708,"Delta Facilities Group",4806.54,0.2,2026-08-13
INV-103709,"Pinnacle Consulting",4439.88,0.2,2026-08-14
INV-103710,"Everline Electrical",3174.04,0.2,2026-08-15
INV-103711,"Larkspur Cleaning Contracts",4616.05,0.2,2026-08-16
INV-103712,"Everline Electrical",7005.35,0.2,2026-08-17
INV-103713,"Solstice Energy Partners",1593.96,0.2,2026-08-18
INV-103714,"Kestrel Waste Management",3616.55,0.2,2026-08-19
INV-103715,"Ironside Security",7469.63,0.2,2026-08-20
INV-103716,"Delta Facilities Group",7775.8,0.2,2026-08-21
INV-103717,"Alderman Logistics",2096.82,0.2,2026-08-22
INV-103718,"Solstice Energy Partners",9019,0.2,2026-08-23
INV-103719,"Foxglove Catering",49.7,0.2,2026-08-24
INV-103720,"Riverside Maintenance",681.47,0.2,2026-08-25
INV-103721,"Pinnacle Consulting",4191.56,0.2,2026-08-26
INV-103722,"Pinnacle Consulting",5923.55,0.2,2026-08-27
INV-103723,"Cascade Office Supplies",8650.1,0.2,2026-08-28
INV-103724,"Newton Freight",6724.93,0.2,2026-09-01
INV-103725,"Everline Electrical",3623.71,0.2,2026-09-02
INV-103726,"Solstice Energy Partners",8097.09,0.2,2026-09-03
INV-103727,"Kestrel Waste Management",9026.57,0.2,2026-09-04
INV-103728,"Riverside Maintenance",8594.8,0.2,2026-09-05
INV-103729,"Pinnacle Consulting",4385.49,0.2,2026-09-06
INV-103730,"Juniper IT Services",1699.83,0.2,2026-09-07
INV-103731,"Solstice Energy Partners",7261.07,0.2,2026-09-08
INV-103732,"Larkspur Cleaning Contracts",2234.19,0.2,2026-09-09
INV-103733,"Oakwood Landscaping",8222.8,0.2,2026-09-10
INV-103734,"Pinnacle Consulting",6976.43,0.2,2026-09-11
INV-103735,"Kestrel Waste Management",7049.23,0.2,2026-09-12
INV-103736,"Solstice Energy Partners",6554.43,0.2,2026-09-13
INV-103737,"Newton Freight",5222.2,0.2,2026-09-14
INV-103738,"Foxglove Catering",6301.04,0.2,2026-09-15
INV-103739,"Riverside Maintenance",853.7,0.2,2026-09-16
INV-103740,"Berkshire Print & Signage",7236.58,0.2,2026-09-17
INV-103741,"Newton Freight",8820.68,0.2,2026-09-18
INV-103742,"Juniper IT Services",419.32,0.2,2026-09-19
INV-103743,"Harbour Point Packaging",5780.5,0.2,2026-09-20
INV-103744,"Northfield Timber Co",274.21,0.2,2026-09-21
INV-103745,"Juniper IT Services",3349.78,0.2,2026-09-22
INV-103746,"Ironside Security",4873.33,0.2,2026-09-23
INV-103747,"Northfield Timber Co",5491.21,0.2,2026-09-24
INV-103748,"Kestrel Waste Management",7617.67,0.2,2026-09-25
INV-103749,"Larkspur Cleaning Contracts",4672,0.2,2026-09-26
INV-103750,"Alderman Logistics",1123.8,0.2,2026-09-27
INV-103751,"Solstice Energy Partners",1626.02,0.2,2026-09-28
INV-103752,"Larkspur Cleaning Contracts",1126.72,0.2,2026-08-01
INV-103753,"Larkspur Cleaning Contracts",4808.67,0.2,2026-08-02
INV-103754,"Alderman Logistics",754.22,0.2,2026-08-03
INV-103755,"Newton Freight",5635.13,0.2,2026-08-04
INV-103756,"Pinnacle Consulting",5914.97,0.2,2026-08-05
INV-103757,"Riverside Maintenance",4510.47,0.2,2026-08-06
INV-103758,"Northfield Timber Co",1037.66,0.2,2026-08-07
INV-103759,"Harbour Point Packaging",7388.69,0.2,2026-08-08
INV-103760,"Harbour Point Packaging",1273.33,0.2,2026-08-09
INV-103761,"Larkspur Cleaning Contracts",7871.89,0.2,2026-08-10
INV-103762,"Granite Fleet Services",9364.14,0.2,2026-08-11
INV-103763,"Riverside Maintenance",8283.91,0.2,2026-08-12
INV-103764,"Alderman Logistics",2525.31,0.2,2026-08-13
INV-103765,"Kestrel Waste Management",1842.29,0.2,2026-08-14
INV-103766,"Harbour Point Packaging",4738.12,0.2,2026-08-15
INV-103767,"Granite Fleet Services",3316.34,0.2,2026-08-16
INV-103768,"Everline Electrical",5645.72,0.2,2026-08-17
INV-103769,"Pinnacle Consulting",3965.39,0.2,2026-08-18
INV-103770,"Cascade Office Supplies",6877.72,0.2,2026-08-19
INV-103771,"Juniper IT Services",537.01,0.2,2026-08-20
INV-103772,"Kestrel Waste Management",7265.33,0.2,2026-08-21
INV-103773,"Kestrel Waste Management",4602.51,0.2,2026-08-22
INV-103774,"Northfield Timber Co",8323.62,0.2,2026-08-23
INV-103775,"Ironside Security",4677.71,0.2,2026-08-24
INV-103776,"Delta Facilities Group",7805.53,0.2,2026-08-25
INV-103777,"Cascade Office Supplies",2638.86,0.2,2026-08-26
INV-103778,"Oakwood Landscaping",9031.8,0.2,2026-08-27
INV-103779,"Kestrel Waste Management",2950.31,0.2,2026-08-28
INV-103780,"Everline Electrical",3564,0.2,2026-09-01
INV-103781,"Pinnacle Consulting",4105.07,0.2,2026-09-02
INV-103782,"Quarryside Aggregates",6981.52,0.2,2026-09-03
INV-103783,"Northfield Timber Co",2750.24,0.2,2026-09-04
INV-103784,"Berkshire Print & Signage",8402.34,0.2,2026-09-05
INV-103785,"Oakwood Landscaping",349.41,0.2,2026-09-06
INV-103786,"Granite Fleet Services",8116.73,0.2,2026-09-07
INV-103787,"Quarryside Aggregates",6655,0.2,2026-09-08
INV-103788,"Solstice Energy Partners",7737.12,0.2,2026-09-09
INV-103789,"Oakwood Landscaping",4329.71,0.2,2026-09-10
INV-103790,"Everline Electrical",2761.02,0.2,2026-09-11
INV-103791,"Quarryside Aggregates",8564.99,0.2,2026-09-12
INV-103792,"Pinnacle Consulting",698,0.2,2026-09-13
INV-103793,"Delta Facilities Group",9414.66,0.2,2026-09-14
INV-103794,"Alderman Logistics",2419.52,0.2,2026-09-15
INV-103795,"Northfield Timber Co",777.77,0.2,2026-09-16
INV-103796,"Northfield Timber Co",863.42,0.2,2026-09-17
INV-103797,"Kestrel Waste Management",4313.12,0.2,2026-09-18
INV-103798,"Everline Electrical",1093.7,0.2,2026-09-19
INV-103799,"Everline Electrical",1926.7,0.2,2026-09-20
INV-103800,"Solstice Energy Partners",5054.11,0.2,2026-09-21
INV-103801,"Larkspur Cleaning Contracts",2062.01,0.2,2026-09-22
INV-103802,"Cascade Office Supplies",3878.2,0.2,2026-09-23
INV-103803,"Newton Freight",5410.93,0.2,2026-09-24
INV-103804,"Harbour Point Packaging",7970.13,0.2,2026-09-25
INV-103805,"Larkspur Cleaning Contracts",1041.11,0.2,2026-09-26
INV-103806,"Foxglove Catering",4718.17,0.2,2026-09-27
INV-103807,"Pinnacle Consulting",303.06,0.2,2026-09-28
INV-103808,"Solstice Energy Partners",1138.83,0.2,2026-08-01
INV-103809,"Granite Fleet Services",7546.93,0.2,2026-08-02
INV-103810,"Newton Freight",7759.29,0.2,2026-08-03
INV-103811,"Riverside Maintenance",7914.82,0.2,2026-08-04
INV-103812,"Cascade Office Supplies",6043.92,0.2,2026-08-05
INV-103813,"Cascade Office Supplies",5007.59,0.2,2026-08-06
INV-103814,"Delta Facilities Group",3412.07,0.2,2026-08-07
INV-103815,"Everline Electrical",2194.84,0.2,2026-08-08
INV-103816,"Northfield Timber Co",9472.53,0.2,2026-08-09
INV-103817,"Larkspur Cleaning Contracts",3469.52,0.2,2026-08-10
INV-103818,"Newton Freight",7469.17,0.2,2026-08-11
INV-103819,"Everline Electrical",5702.25,0.2,2026-08-12
INV-103820,"Pinnacle Consulting",1469,0.2,2026-08-13
INV-103821,"Riverside Maintenance",6217.62,0.2,2026-08-14
INV-103822,"Ironside Security",8509.82,0.2,2026-08-15
INV-103823,"Quarryside Aggregates",5948.78,0.2,2026-08-16
INV-103824,"Northfield Timber Co",5508.34,0.2,2026-08-17
INV-103825,"Newton Freight",562.04,0.2,2026-08-18
INV-103826,"Everline Electrical",7122.86,0.2,2026-08-19
INV-103827,"Solstice Energy Partners",2779.51,0.2,2026-08-20
INV-103828,"Foxglove Catering",9327.37,0.2,2026-08-21
INV-103829,"Pinnacle Consulting",5003.87,0.2,2026-08-22
INV-103830,"Northfield Timber Co",2948.4,0.2,2026-08-23
INV-103831,"Berkshire Print & Signage",2159.76,0.2,2026-08-24
INV-103832,"Oakwood Landscaping",771.09,0.2,2026-08-25
INV-103833,"Berkshire Print & Signage",8437.71,0.2,2026-08-26
INV-103834,"Granite Fleet Services",8158.41,0.2,2026-08-27
INV-103835,"Alderman Logistics",8506.13,0.2,2026-08-28
INV-103836,"Ironside Security",967.76,0.2,2026-09-01
INV-103837,"Pinnacle Consulting",1885.18,0.2,2026-09-02
INV-103838,"Riverside Maintenance",5307.37,0.2,2026-09-03
INV-103839,"Pinnacle Consulting",9120.17,0.2,2026-09-04
INV-103840,"Alderman Logistics",5044.03,0.2,2026-09-05
INV-103841,"Oakwood Landscaping",7125.24,0.2,2026-09-06
INV-103842,"Oakwood Landscaping",7655.41,0.2,2026-09-07
INV-103843,"Riverside Maintenance",5984.55,0.2,2026-09-08
INV-103844,"Juniper IT Services",971.06,0.2,2026-09-09
INV-103845,"Granite Fleet Services",881.49,0.2,2026-09-10
INV-103846,"Delta Facilities Group",7784.68,0.2,2026-09-11
INV-103847,"Granite Fleet Services",2415.96,0.2,2026-09-12
INV-103848,"Alderman Logistics",2209,0.2,2026-09-13
INV-103849,"Harbour Point Packaging",6087.56,0.2,2026-09-14
INV-103850,"Alderman Logistics",9001,0.2,2026-09-15
INV-103851,"Ironside Security",1525.14,0.2,2026-09-16
INV-103852,"Oakwood Landscaping",8787.54,0.2,2026-09-17
INV-103853,"Quarryside Aggregates",9017.94,0.2,2026-09-18
INV-103854,"Newton Freight",7468.63,0.2,2026-09-19
INV-103855,"Granite Fleet Services",4941.52,0.2,2026-09-20
INV-103856,"Kestrel Waste Management",7049.75,0.2,2026-09-21
INV-103857,"Ironside Security",4168.9,0.2,2026-09-22
INV-103858,"Everline Electrical",9008.56,0.2,2026-09-23
INV-103859,"Alderman Logistics",5192.54,0.2,2026-09-24
INV-103860,"Everline Electrical",1163.28,0.2,2026-09-25
INV-103861,"Foxglove Catering",2645.74,0.2,2026-09-26
INV-103862,"Larkspur Cleaning Contracts",1109.42,0.2,2026-09-27
INV-103863,"Kestrel Waste Management",475.9,0.2,2026-09-28
INV-103864,"Alderman Logistics",423.26,0.2,2026-08-01
INV-103865,"Everline Electrical",4997.21,0.2,2026-08-02
INV-103866,"Everline Electrical",189.82,0.2,2026-08-03
INV-103867,"Northfield Timber Co",5050.7,0.2,2026-08-04
INV-103868,"Kestrel Waste Management",502.37,0.2,2026-08-05
INV-103869,"Juniper IT Services",6614.35,0.2,2026-08-06
INV-103870,"Ironside Security",9004.88,0.2,2026-08-07
INV-103871,"Alderman Logistics",195.77,0.2,2026-08-08
INV-103872,"Harbour Point Packaging",6537.43,0.2,2026-08-09
INV-103873,"Cascade Office Supplies",7464.66,0.2,2026-08-10
INV-103874,"Kestrel Waste Management",2181.61,0.2,2026-08-11
INV-103875,"Newton Freight",8588.72,0.2,2026-08-12
INV-103876,"Foxglove Catering",3586.85,0.2,2026-08-13
INV-103877,"Newton Freight",1254.34,0.2,2026-08-14
INV-103878,"Granite Fleet Services",8287.19,0.2,2026-08-15
INV-103879,"Solstice Energy Partners",9480.11,0.2,2026-08-16
INV-103880,"Riverside Maintenance",8098.11,0.2,2026-08-17
INV-103881,"Kestrel Waste Management",3816.35,0.2,2026-08-18
INV-103882,"Delta Facilities Group",2988.21,0.2,2026-08-19
INV-103883,"Northfield Timber Co",7318.96,0.2,2026-08-20
INV-103884,"Larkspur Cleaning Contracts",6815.91,0.2,2026-08-21
INV-103885,"Pinnacle Consulting",3070.71,0.2,2026-08-22
INV-103886,"Ironside Security",9036.06,0.2,2026-08-23
INV-103887,"Granite Fleet Services",8342.24,0.2,2026-08-24
INV-103888,"Northfield Timber Co",4048.74,0.2,2026-08-25
INV-103889,"Ironside Security",6064.4,0.2,2026-08-26
INV-103890,"Alderman Logistics",2877.54,0.2,2026-08-27
INV-103891,"Solstice Energy Partners",6335.75,0.2,2026-08-28
INV-103892,"Foxglove Catering",3760.45,0.2,2026-09-01
INV-103893,"Quarryside Aggregates",4066.83,0.2,2026-09-02
INV-103894,"Harbour Point Packaging",808.32,0.2,2026-09-03
INV-103895,"Everline Electrical",4955.7,0.2,2026-09-04
INV-103896,"Kestrel Waste Management",2038.03,0.2,2026-09-05
INV-103897,"Solstice Energy Partners",8111.09,0.2,2026-09-06
INV-103898,"Harbour Point Packaging",3316.88,0.2,2026-09-07
INV-103899,"Juniper IT Services",6125.14,0.2,2026-09-08
INV-103900,"Harbour Point Packaging",8200.64,0.2,2026-09-09
INV-103901,"Berkshire Print & Signage",3565.42,0.2,2026-09-10
INV-103902,"Ironside Security",7501.59,0.2,2026-09-11
INV-103903,"Alderman Logistics",4949.66,0.2,2026-09-12
INV-103904,"Berkshire Print & Signage",3689.99,0.2,2026-09-13
INV-103905,"Solstice Energy Partners",2591.91,0.2,2026-09-14
INV-103906,"Quarryside Aggregates",8537.27,0.2,2026-09-15
INV-103907,"Northfield Timber Co",8361.75,0.2,2026-09-16
INV-103908,"Quarryside Aggregates",9005.96,0.2,2026-09-17
INV-103909,"Ironside Security",6448.49,0.2,2026-09-18
INV-103910,"Harbour Point Packaging",7828.86,0.2,2026-09-19
INV-103911,"Kestrel Waste Management",4332.13,0.2,2026-09-20
INV-103912,"Foxglove Catering",9410.64,0.2,2026-09-21
INV-103913,"Granite Fleet Services",3707.65,0.2,2026-09-22
INV-103914,"Juniper IT Services",8093.42,0.2,2026-09-23
INV-103915,"Quarryside Aggregates",4982.74,0.2,2026-09-24
INV-103916,"Kestrel Waste Management",7092.71,0.2,2026-09-25
INV-103917,"Everline Electrical",9024.8,0.2,2026-09-26
INV-103918,"Harbour Point Packaging",8803.95,0.2,2026-09-27
INV-103919,"Granite Fleet Services",3815.57,0.2,2026-09-28
INV-103920,"Kestrel Waste Management",8075.52,0.2,2026-08-01
INV-103921,"Riverside Maintenance",1532.94,0.2,2026-08-02
INV-103922,"Oakwood Landscaping",1274.23,0.2,2026-08-03
INV-103923,"Riverside Maintenance",8226.67,0.2,2026-08-04
INV-103924,"Quarryside Aggregates",8144.45,0.2,2026-08-05
INV-103925,"Ironside Security",5756.34,0.2,2026-08-06
INV-103926,"Foxglove Catering",8284.82,0.2,2026-08-07
INV-103927,"Kestrel Waste Management",940.07,0.2,2026-08-08
INV-103928,"Juniper IT Services",113.88,0.2,2026-08-09
INV-103929,"Granite Fleet Services",6764.09,0.2,2026-08-10
INV-103930,"Pinnacle Consulting",3563.82,0.2,2026-08-11
INV-103931,"Juniper IT Services",9082.15,0.2,2026-08-12
INV-103932,"Kestrel Waste Management",6002.04,0.2,2026-08-13
INV-103933,"Everline Electrical",3575.87,0.2,2026-08-14
INV-103934,"Granite Fleet Services",4012.12,0.2,2026-08-15
INV-103935,"Solstice Energy Partners",1869.39,0.2,2026-08-16
INV-103936,"Alderman Logistics",5390.55,0.2,2026-08-17
INV-103937,"Northfield Timber Co",2855.06,0.2,2026-08-18
INV-103938,"Berkshire Print & Signage",1198.12,0.2,2026-08-19
INV-103939,"Juniper IT Services",8866.88,0.2,2026-08-20
INV-103940,"Cascade Office Supplies",6218.99,0.2,2026-08-21
INV-103941,"Solstice Energy Partners",3950.37,0.2,2026-08-22
INV-103942,"Solstice Energy Partners",6585.23,0.2,2026-08-23
INV-103943,"Delta Facilities Group",7045.08,0.2,2026-08-24
INV-103944,"Oakwood Landscaping",4791.48,0.2,2026-08-25
INV-103945,"Larkspur Cleaning Contracts",4980.44,0.2,2026-08-26
INV-103946,"Kestrel Waste Management",7412.28,0.2,2026-08-27
INV-103947,"Berkshire Print & Signage",5510.35,0.2,2026-08-28
INV-103948,"Juniper IT Services",8356.33,0.2,2026-09-01
INV-103949,"Quarryside Aggregates",7787.4,0.2,2026-09-02
INV-103950,"Newton Freight",7611.56,0.2,2026-09-03
INV-103951,"Cascade Office Supplies",6546,0.2,2026-09-04
INV-103952,"Granite Fleet Services",4982.53,0.2,2026-09-05
INV-103953,"Northfield Timber Co",595.18,0.2,2026-09-06
INV-103954,"Solstice Energy Partners",9113.55,0.2,2026-09-07
INV-103955,"Delta Facilities Group",3847.74,0.2,2026-09-08
INV-103956,"Alderman Logistics",6626.32,0.2,2026-09-09
INV-103957,"Riverside Maintenance",6601.49,0.2,2026-09-10
INV-103958,"Everline Electrical",4392.7,0.2,2026-09-11
INV-103959,"Quarryside Aggregates",8052.23,0.2,2026-09-12
INV-103960,"Oakwood Landscaping",1301.11,0.2,2026-09-13
INV-103961,"Pinnacle Consulting",1953.2,0.2,2026-09-14
INV-103962,"Ironside Security",3662.03,0.2,2026-09-15
INV-103963,"Northfield Timber Co",228.89,0.2,2026-09-16
INV-103964,"Alderman Logistics",7803.79,0.2,2026-09-17
INV-103965,"Delta Facilities Group",8201.69,0.2,2026-09-18
INV-103966,"Juniper IT Services",5417.74,0.2,2026-09-19
INV-103967,"Alderman Logistics",8717.04,0.2,2026-09-20
INV-103968,"Foxglove Catering",4002.03,0.2,2026-09-21
INV-103969,"Solstice Energy Partners",301.46,0.2,2026-09-22
INV-103970,"Kestrel Waste Management",5145.31,0.2,2026-09-23
INV-103971,"Larkspur Cleaning Contracts",2945.33,0.2,2026-09-24
INV-103972,"Riverside Maintenance",8580.09,0.2,2026-09-25
INV-103973,"Oakwood Landscaping",4020.91,0.2,2026-09-26
INV-103974,"Riverside Maintenance",2397.04,0.2,2026-09-27
INV-103975,"Newton Freight",752.58,0.2,2026-09-28
INV-103976,"Cascade Office Supplies",8222.49,0.2,2026-08-01
INV-103977,"Granite Fleet Services",5179.76,0.2,2026-08-02
INV-103978,"Quarryside Aggregates",5313.21,0.2,2026-08-03
INV-103979,"Delta Facilities Group",923.58,0.2,2026-08-04
INV-103980,"Alderman Logistics",5046.16,0.2,2026-08-05
INV-103981,"Berkshire Print & Signage",4202.87,0.2,2026-08-06
INV-103982,"Berkshire Print & Signage",1319.87,0.2,2026-08-07
INV-103983,"Delta Facilities Group",8130.03,0.2,2026-08-08
INV-103984,"Newton Freight",7994.7,0.2,2026-08-09
INV-103985,"Ironside Security",81.56,0.2,2026-08-10
INV-103986,"Ironside Security",6910.21,0.2,2026-08-11
INV-103987,"Alderman Logistics",2905.41,0.2,2026-08-12
INV-103988,"Juniper IT Services",6080.92,0.2,2026-08-13
INV-103989,"Oakwood Landscaping",5521.52,0.2,2026-08-14
INV-103990,"Larkspur Cleaning Contracts",6144.3,0.2,2026-08-15
INV-103991,"Quarryside Aggregates",3249.41,0.2,2026-08-16
INV-103992,"Everline Electrical",2200.45,0.2,2026-08-17
INV-103993,"Berkshire Print & Signage",3502.59,0.2,2026-08-18
INV-103994,"Harbour Point Packaging",4593.63,0.2,2026-08-19
INV-103995,"Northfield Timber Co",8537.65,0.2,2026-08-20
INV-103996,"Oakwood Landscaping",6168.53,0.2,2026-08-21
INV-103997,"Quarryside Aggregates",4103.46,0.2,2026-08-22
INV-103998,"Newton Freight",1430.34,0.2,2026-08-23
INV-103999,"Harbour Point Packaging",3675.43,0.2,2026-08-24
INV-104000,"Granite Fleet Services",7448.9,0.2,2026-08-25
INV-104001,"Oakwood Landscaping",9007.03,0.2,2026-08-26
INV-104002,"Solstice Energy Partners",3013.74,0.2,2026-08-27
INV-104003,"Quarryside Aggregates",2297.68,0.2,2026-08-28
INV-104004,"Kestrel Waste Management",7415.66,0.2,2026-09-01
INV-104005,"Riverside Maintenance",65.32,0.2,2026-09-02
INV-104006,"Foxglove Catering",310.75,0.2,2026-09-03
INV-104007,"Ironside Security",4649.11,0.2,2026-09-04
INV-104008,"Alderman Logistics",940.75,0.2,2026-09-05
INV-104009,"Juniper IT Services",1819.6,0.2,2026-09-06
INV-104010,"Solstice Energy Partners",2802.93,0.2,2026-09-07
INV-104011,"Oakwood Landscaping",3990.43,0.2,2026-09-08
INV-104012,"Oakwood Landscaping",8659.17,0.2,2026-09-09
INV-104013,"Berkshire Print & Signage",7822.37,0.2,2026-09-10
INV-104014,"Harbour Point Packaging",1815.56,0.2,2026-09-11
INV-104015,"Berkshire Print & Signage",8450.29,0.2,2026-09-12
INV-104016,"Berkshire Print & Signage",492.33,0.2,2026-09-13
INV-104017,"Foxglove Catering",6509.61,0.2,2026-09-14
INV-104018,"Cascade Office Supplies",4325.52,0.2,2026-09-15
INV-104019,"Quarryside Aggregates",1700.17,0.2,2026-09-16
INV-104020,"Solstice Energy Partners",5983.08,0.2,2026-09-17
INV-104021,"Northfield Timber Co",4163.65,0.2,2026-09-18
INV-104022,"Solstice Energy Partners",3633.87,0.2,2026-09-19
INV-104023,"Delta Facilities Group",870.21,0.2,2026-09-20
INV-104024,"Granite Fleet Services",6010.87,0.2,2026-09-21
INV-104025,"Oakwood Landscaping",3376.19,0.2,2026-09-22
INV-104026,"Larkspur Cleaning Contracts",6244.28,0.2,2026-09-23
INV-104027,"Delta Facilities Group",9463.86,0.2,2026-09-24
INV-104028,"Berkshire Print & Signage",7325.44,0.2,2026-09-25
INV-104029,"Granite Fleet Services",1234.17,0.2,2026-09-26
INV-104030,"Cascade Office Supplies",7869.3,0.2,2026-09-27
INV-104031,"Riverside Maintenance",8516.53,0.2,2026-09-28
INV-104032,"Pinnacle Consulting",5469.42,0.2,2026-08-01
INV-104033,"Foxglove Catering",4013.75,0.2,2026-08-02
INV-104034,"Quarryside Aggregates",5582.98,0.2,2026-08-03
INV-104035,"Everline Electrical",684.7,0.2,2026-08-04
INV-104036,"Northfield Timber Co",3790,0.2,2026-08-05
INV-104037,"Pinnacle Consulting",2833.83,0.2,2026-08-06
INV-104038,"Berkshire Print & Signage",7083.71,0.2,2026-08-07
INV-104039,"Riverside Maintenance",2283.39,0.2,2026-08-08
INV-104040,"Riverside Maintenance",8496.83,0.2,2026-08-09
INV-104041,"Northfield Timber Co",681.18,0.2,2026-08-10
INV-104042,"Granite Fleet Services",6373.6,0.2,2026-08-11
INV-104043,"Pinnacle Consulting",7339.47,0.2,2026-08-12
INV-104044,"Cascade Office Supplies",8549.56,0.2,2026-08-13
INV-104045,"Granite Fleet Services",6500.12,0.2,2026-08-14
INV-104046,"Foxglove Catering",3229.26,0.2,2026-08-15
INV-104047,"Harbour Point Packaging",4631.76,0.2,2026-08-16
INV-104048,"Cascade Office Supplies",9202.42,0.2,2026-08-17
INV-104049,"Ironside Security",418.77,0.2,2026-08-18
INV-104050,"Pinnacle Consulting",1913.43,0.2,2026-08-19
INV-104051,"Cascade Office Supplies",3922.59,0.2,2026-08-20
INV-104052,"Pinnacle Consulting",4806.22,0.2,2026-08-21
INV-104053,"Kestrel Waste Management",8730.67,0.2,2026-08-22
INV-104054,"Foxglove Catering",9235.45,0.2,2026-08-23
INV-104055,"Delta Facilities Group",2222.04,0.2,2026-08-24
INV-104056,"Oakwood Landscaping",5031.56,0.2,2026-08-25
INV-104057,"Everline Electrical",1380.96,0.2,2026-08-26
INV-104058,"Foxglove Catering",3812.01,0.2,2026-08-27
INV-104059,"Newton Freight",7053.79,0.2,2026-08-28
INV-104060,"Cascade Office Supplies",7642.64,0.2,2026-09-01
INV-104061,"Solstice Energy Partners",5790.16,0.2,2026-09-02
INV-104062,"Berkshire Print & Signage",2217.64,0.2,2026-09-03
INV-104063,"Solstice Energy Partners",4276.35,0.2,2026-09-04
INV-104064,"Kestrel Waste Management",3745.64,0.2,2026-09-05
INV-104065,"Delta Facilities Group",2422.71,0.2,2026-09-06
INV-104066,"Ironside Security",1129.5,0.2,2026-09-07
INV-104067,"Cascade Office Supplies",3511.4,0.2,2026-09-08
INV-104068,"Newton Freight",5625.88,0.2,2026-09-09
INV-104069,"Solstice Energy Partners",6103.44,0.2,2026-09-10
INV-104070,"Oakwood Landscaping",2899.83,0.2,2026-09-11
INV-104071,"Riverside Maintenance",1083.62,0.2,2026-09-12
INV-104072,"Riverside Maintenance",2468.98,0.2,2026-09-13
INV-104073,"Berkshire Print & Signage",8901.9,0.2,2026-09-14
INV-104074,"Cascade Office Supplies",1931.88,0.2,2026-09-15
INV-104075,"Northfield Timber Co",2013.87,0.2,2026-09-16
INV-104076,"Everline Electrical",1553.23,0.2,2026-09-17
INV-104077,"Cascade Office Supplies",7774.39,0.2,2026-09-18
INV-104078,"Foxglove Catering",6388.51,0.2,2026-09-19
INV-104079,"Granite Fleet Services",8181.3,0.2,2026-09-20
INV-104080,"Northfield Timber Co",2102.45,0.2,2026-09-21
INV-104081,"Cascade Office Supplies",8994.12,0.2,2026-09-22
INV-104082,"Alderman Logistics",121.83,0.2,2026-09-23
INV-104083,"Alderman Logistics",9347.43,0.2,2026-09-24
INV-104084,"Solstice Energy Partners",9082.14,0.2,2026-09-25
INV-104085,"Foxglove Catering",360.86,0.2,2026-09-26
INV-104086,"Quarryside Aggregates",8564.95,0.2,2026-09-27
INV-104087,"Everline Electrical",3038.4,0.2,2026-09-28
INV-104088,"Pinnacle Consulting",9001.87,0.2,2026-08-01
INV-104089,"Solstice Energy Partners",7306.7,0.2,2026-08-02
INV-104090,"Cascade Office Supplies",7715.22,0.2,2026-08-03
INV-104091,"Foxglove Catering",1878.85,0.2,2026-08-04
INV-104092,"Cascade Office Supplies",6846.35,0.2,2026-08-05
INV-104093,"Kestrel Waste Management",1209.19,0.2,2026-08-06
INV-104094,"Juniper IT Services",6069.86,0.2,2026-08-07
INV-104095,"Granite Fleet Services",4023.73,0.2,2026-08-08
INV-104096,"Foxglove Catering",856.83,0.2,2026-08-09
INV-104097,"Kestrel Waste Management",2375.79,0.2,2026-08-10
INV-104098,"Larkspur Cleaning Contracts",3720.28,0.2,2026-08-11
INV-104099,"Foxglove Catering",1381.89,0.2,2026-08-12
INV-104100,"Ironside Security",5670.4,0.2,2026-08-13
INV-104101,"Quarryside Aggregates",6464.92,0.2,2026-08-14
INV-104102,"Harbour Point Packaging",8530.86,0.2,2026-08-15
INV-104103,"Delta Facilities Group",6623.64,0.2,2026-08-16
INV-104104,"Juniper IT Services",5389.03,0.2,2026-08-17
INV-104105,"Newton Freight",6241.25,0.2,2026-08-18
INV-104106,"Riverside Maintenance",8063.67,0.2,2026-08-19
INV-104107,"Berkshire Print & Signage",7394.32,0.2,2026-08-20
INV-104108,"Northfield Timber Co",3871,0.2,2026-08-21
INV-104109,"Granite Fleet Services",6595.36,0.2,2026-08-22
INV-104110,"Pinnacle Consulting",7158.45,0.2,2026-08-23
INV-104111,"Juniper IT Services",3015.73,0.2,2026-08-24
INV-104112,"Juniper IT Services",4507.83,0.2,2026-08-25
INV-104113,"Everline Electrical",6779.2,0.2,2026-08-26
INV-104114,"Everline Electrical",9473.61,0.2,2026-08-27
INV-104115,"Newton Freight",9246.73,0.2,2026-08-28
INV-104116,"Oakwood Landscaping",3844.58,0.2,2026-09-01
INV-104117,"Larkspur Cleaning Contracts",7962.95,0.2,2026-09-02
INV-104118,"Everline Electrical",3909.51,0.2,2026-09-03
INV-104119,"Delta Facilities Group",2739.39,0.2,2026-09-04
INV-104120,"Oakwood Landscaping",3330.62,0.2,2026-09-05
INV-104121,"Larkspur Cleaning Contracts",7529.08,0.2,2026-09-06
INV-104122,"Everline Electrical",2818.13,0.2,2026-09-07
INV-104123,"Harbour Point Packaging",3714.88,0.2,2026-09-08
INV-104124,"Oakwood Landscaping",2864.18,0.2,2026-09-09
INV-104125,"Alderman Logistics",6920.19,0.2,2026-09-10
INV-104126,"Harbour Point Packaging",8954.41,0.2,2026-09-11
INV-104127,"Pinnacle Consulting",1909.55,0.2,2026-09-12
INV-104128,"Granite Fleet Services",9118.98,0.2,2026-09-13
INV-104129,"Pinnacle Consulting",178.59,0.2,2026-09-14
INV-104130,"Northfield Timber Co",199.01,0.2,2026-09-15
INV-104131,"Solstice Energy Partners",3761.24,0.2,2026-09-16
INV-104132,"Alderman Logistics",2610.73,0.2,2026-09-17
INV-104133,"Granite Fleet Services",6520.89,0.2,2026-09-18
INV-104134,"Cascade Office Supplies",132.11,0.2,2026-09-19
INV-104135,"Riverside Maintenance",9340.91,0.2,2026-09-20
INV-104136,"Solstice Energy Partners",808.73,0.2,2026-09-21
INV-104137,"Oakwood Landscaping",5763.41,0.2,2026-09-22
INV-104138,"Harbour Point Packaging",8494.44,0.2,2026-09-23
INV-104139,"Newton Freight",6650.98,0.2,2026-09-24
INV-104140,"Northfield Timber Co",199.24,0.2,2026-09-25
INV-104141,"Quarryside Aggregates",7883.71,0.2,2026-09-26
INV-104142,"Ironside Security",7380.46,0.2,2026-09-27
INV-104143,"Granite Fleet Services",4372.48,0.2,2026-09-28
INV-104144,"Larkspur Cleaning Contracts",2975.6,0.2,2026-08-01
INV-104145,"Harbour Point Packaging",989.51,0.2,2026-08-02
INV-104146,"Oakwood Landscaping",6696.67,0.2,2026-08-03
INV-104147,"Quarryside Aggregates",4089.41,0.2,2026-08-04
INV-104148,"Harbour Point Packaging",5061.06,0.2,2026-08-05
INV-104149,"Cascade Office Supplies",4385.27,0.2,2026-08-06
INV-104150,"Larkspur Cleaning Contracts",2008.43,0.2,2026-08-07
INV-104151,"Northfield Timber Co",4818.5,0.2,2026-08-08
INV-104152,"Riverside Maintenance",7698.39,0.2,2026-08-09
INV-104153,"Northfield Timber Co",186.54,0.2,2026-08-10
INV-104154,"Riverside Maintenance",47.55,0.2,2026-08-11
INV-104155,"Newton Freight",6862.72,0.2,2026-08-12
INV-104156,"Everline Electrical",790.15,0.2,2026-08-13
INV-104157,"Ironside Security",7426.06,0.2,2026-08-14
INV-104158,"Everline Electrical",3460.32,0.2,2026-08-15
INV-104159,"Larkspur Cleaning Contracts",2262.5,0.2,2026-08-16
INV-104160,"Alderman Logistics",5868.8,0.2,2026-08-17
INV-104161,"Pinnacle Consulting",5000.6,0.2,2026-08-18
INV-104162,"Harbour Point Packaging",6551.6,0.2,2026-08-19
INV-104163,"Newton Freight",2345.34,0.2,2026-08-20
INV-104164,"Quarryside Aggregates",1767.02,0.2,2026-08-21
INV-104165,"Cascade Office Supplies",7659.47,0.2,2026-08-22
INV-104166,"Ironside Security",1126.2,0.2,2026-08-23
INV-104167,"Ironside Security",1918.5,0.2,2026-08-24
INV-104168,"Larkspur Cleaning Contracts",9476.94,0.2,2026-08-25
INV-104169,"Ironside Security",3950.48,0.2,2026-08-26
INV-104170,"Delta Facilities Group",6824.1,0.2,2026-08-27
INV-104171,"Granite Fleet Services",6258.42,0.2,2026-08-28
INV-104172,"Granite Fleet Services",5479.73,0.2,2026-09-01
INV-104173,"Solstice Energy Partners",3306.49,0.2,2026-09-02
INV-104174,"Solstice Energy Partners",8776.05,0.2,2026-09-03
INV-104175,"Foxglove Catering",4238.68,0.2,2026-09-04
INV-104176,"Ironside Security",8700.57,0.2,2026-09-05
INV-104177,"Riverside Maintenance",3529.46,0.2,2026-09-06
INV-104178,"Oakwood Landscaping",8422.04,0.2,2026-09-07
INV-104179,"Solstice Energy Partners",1273.44,0.2,2026-09-08
INV-104180,"Berkshire Print & Signage",7215.6,0.2,2026-09-09
INV-104181,"Larkspur Cleaning Contracts",598.47,0.2,2026-09-10
INV-104182,"Kestrel Waste Management",9438.11,0.2,2026-09-11
INV-104183,"Harbour Point Packaging",3163.66,0.2,2026-09-12
INV-104184,"Berkshire Print & Signage",3233.59,0.2,2026-09-13
INV-104185,"Quarryside Aggregates",4787.36,0.2,2026-09-14
INV-104186,"Northfield Timber Co",5137.82,0.2,2026-09-15
INV-104187,"Pinnacle Consulting",7257.34,0.2,2026-09-16
INV-104188,"Juniper IT Services",2143.03,0.2,2026-09-17
INV-104189,"Riverside Maintenance",4826.25,0.2,2026-09-18
INV-104190,"Northfield Timber Co",2274.72,0.2,2026-09-19
INV-104191,"Juniper IT Services",7818.71,0.2,2026-09-20
INV-104192,"Everline Electrical",1866.19,0.2,2026-09-21
INV-104193,"Harbour Point Packaging",9341.86,0.2,2026-09-22
INV-104194,"Delta Facilities Group",6751.67,0.2,2026-09-23
INV-104195,"Foxglove Catering",867.94,0.2,2026-09-24
INV-104196,"Harbour Point Packaging",2454.12,0.2,2026-09-25
INV-104197,"Alderman Logistics",3983.86,0.2,2026-09-26
INV-104198,"Riverside Maintenance",4545.61,0.2,2026-09-27
INV-104199,"Ironside Security",4966.29,0.2,2026-09-28
INV-104200,"Northfield Timber Co",8713.13,0.2,2026-08-01
INV-104201,"Granite Fleet Services",4194.8,0.2,2026-08-02
INV-104202,"Quarryside Aggregates",1730.79,0.2,2026-08-03
INV-104203,"Delta Facilities Group",5309.55,0.2,2026-08-04
INV-104204,"Everline Electrical",3380.14,0.2,2026-08-05
INV-104205,"Alderman Logistics",3510.72,0.2,2026-08-06
INV-104206,"Harbour Point Packaging",6988.99,0.2,2026-08-07
INV-104207,"Oakwood Landscaping",1153.23,0.2,2026-08-08
INV-104208,"Delta Facilities Group",67.56,0.2,2026-08-09
INV-104209,"Delta Facilities Group",8787.26,0.2,2026-08-10
INV-104210,"Quarryside Aggregates",1408.72,0.2,2026-08-11
INV-104211,"Newton Freight",1807.23,0.2,2026-08-12
INV-104212,"Cascade Office Supplies",4482.06,0.2,2026-08-13
INV-104213,"Solstice Energy Partners",3585.9,0.2,2026-08-14
INV-104214,"Cascade Office Supplies",8762.46,0.2,2026-08-15
INV-104215,"Northfield Timber Co",2639.52,0.2,2026-08-16
INV-104216,"Pinnacle Consulting",5319.73,0.2,2026-08-17
INV-104217,"Delta Facilities Group",7123.23,0.2,2026-08-18
INV-104218,"Newton Freight",5457.3,0.2,2026-08-19
INV-104219,"Delta Facilities Group",816.34,0.2,2026-08-20
INV-104220,"Riverside Maintenance",3746.87,0.2,2026-08-21
INV-104221,"Foxglove Catering",4343.91,0.2,2026-08-22
INV-104222,"Larkspur Cleaning Contracts",4838.67,0.2,2026-08-23
INV-104223,"Oakwood Landscaping",8008.48,0.2,2026-08-24
INV-104224,"Riverside Maintenance",112,0.2,2026-08-25
INV-104225,"Kestrel Waste Management",1577.95,0.2,2026-08-26
INV-104226,"Ironside Security",8419.12,0.2,2026-08-27
INV-104227,"Berkshire Print & Signage",9394.1,0.2,2026-08-28
INV-104228,"Berkshire Print & Signage",4305.05,0.2,2026-09-01
INV-104229,"Berkshire Print & Signage",416.41,0.2,2026-09-02
INV-104230,"Harbour Point Packaging",4822.41,0.2,2026-09-03
INV-104231,"Kestrel Waste Management",4945.35,0.2,2026-09-04
INV-104232,"Ironside Security",7753.58,0.2,2026-09-05
INV-104233,"Riverside Maintenance",1835.48,0.2,2026-09-06
INV-104234,"Foxglove Catering",2018.52,0.2,2026-09-07
INV-104235,"Berkshire Print & Signage",1601.2,0.2,2026-09-08
INV-104236,"Pinnacle Consulting",9259.41,0.2,2026-09-09
INV-104237,"Northfield Timber Co",5397.19,0.2,2026-09-10
INV-104238,"Everline Electrical",5911.1,0.2,2026-09-11
INV-104239,"Solstice Energy Partners",6865.05,0.2,2026-09-12
INV-104240,"Delta Facilities Group",2011.77,0.2,2026-09-13
INV-104241,"Foxglove Catering",6141.15,0.2,2026-09-14
INV-104242,"Harbour Point Packaging",142.66,0.2,2026-09-15
INV-104243,"Larkspur Cleaning Contracts",8703.31,0.2,2026-09-16
INV-104244,"Juniper IT Services",8982.72,0.2,2026-09-17
INV-104245,"Everline Electrical",8424.65,0.2,2026-09-18
INV-104246,"Delta Facilities Group",1552.94,0.2,2026-09-19
INV-104247,"Kestrel Waste Management",8906.96,0.2,2026-09-20
INV-104248,"Pinnacle Consulting",3099.14,0.2,2026-09-21
INV-104249,"Oakwood Landscaping",319.18,0.2,2026-09-22
INV-104250,"Alderman Logistics",2510.25,0.2,2026-09-23
INV-104251,"Cascade Office Supplies",3065.78,0.2,2026-09-24
INV-104252,"Kestrel Waste Management",3922.88,0.2,2026-09-25
INV-104253,"Larkspur Cleaning Contracts",6661.38,0.2,2026-09-26
INV-104254,"Granite Fleet Services",6022.1,0.2,2026-09-27
INV-104255,"Ironside Security",2901.94,0.2,2026-09-28
INV-104256,"Riverside Maintenance",8877.84,0.2,2026-08-01
INV-104257,"Northfield Timber Co",8387.43,0.2,2026-08-02
INV-104258,"Ironside Security",777.22,0.2,2026-08-03
INV-104259,"Ironside Security",6278.57,0.2,2026-08-04
INV-104260,"Cascade Office Supplies",4848.38,0.2,2026-08-05
INV-104261,"Oakwood Landscaping",6880.31,0.2,2026-08-06
INV-104262,"Oakwood Landscaping",1661.14,0.2,2026-08-07
INV-104263,"Oakwood Landscaping",1833.36,0.2,2026-08-08
INV-104264,"Solstice Energy Partners",313.46,0.2,2026-08-09
INV-104265,"Kestrel Waste Management",7511.27,0.2,2026-08-10
INV-104266,"Larkspur Cleaning Contracts",7528.93,0.2,2026-08-11
INV-104267,"Alderman Logistics",7265.28,0.2,2026-08-12
INV-104268,"Cascade Office Supplies",4410.06,0.2,2026-08-13
INV-104269,"Delta Facilities Group",2933.59,0.2,2026-08-14
INV-104270,"Foxglove Catering",8622.42,0.2,2026-08-15
INV-104271,"Northfield Timber Co",5750.74,0.2,2026-08-16
INV-104272,"Kestrel Waste Management",2487.28,0.2,2026-08-17
INV-104273,"Delta Facilities Group",3812.16,0.2,2026-08-18
INV-104274,"Riverside Maintenance",6310.23,0.2,2026-08-19
INV-104275,"Kestrel Waste Management",7241.46,0.2,2026-08-20
INV-104276,"Kestrel Waste Management",5407.8,0.2,2026-08-21
INV-104277,"Berkshire Print & Signage",7703.95,0.2,2026-08-22
INV-104278,"Juniper IT Services",3612.91,0.2,2026-08-23
INV-104279,"Northfield Timber Co",468.72,0.2,2026-08-24
INV-104280,"Cascade Office Supplies",5547.27,0.2,2026-08-25
INV-104281,"Harbour Point Packaging",3542.2,0.2,2026-08-26
INV-104282,"Ironside Security",4997.26,0.2,2026-08-27
INV-104283,"Everline Electrical",2470.01,0.2,2026-08-28
INV-104284,"Northfield Timber Co",9227.94,0.2,2026-09-01
INV-104285,"Foxglove Catering",5561.93,0.2,2026-09-02
INV-104286,"Solstice Energy Partners",2943.68,0.2,2026-09-03
INV-104287,"Oakwood Landscaping",7180.01,0.2,2026-09-04
INV-104288,"Riverside Maintenance",5598.18,0.2,2026-09-05
INV-104289,"Kestrel Waste Management",6288.28,0.2,2026-09-06
INV-104290,"Riverside Maintenance",4084.4,0.2,2026-09-07
INV-104291,"Delta Facilities Group",8493.67,0.2,2026-09-08
INV-104292,"Foxglove Catering",4083.09,0.2,2026-09-09
INV-104293,"Alderman Logistics",957.54,0.2,2026-09-10
INV-104294,"Riverside Maintenance",4584.86,0.2,2026-09-11
INV-104295,"Oakwood Landscaping",5945.77,0.2,2026-09-12
INV-104296,"Newton Freight",4181.27,0.2,2026-09-13
INV-104297,"Foxglove Catering",6394.64,0.2,2026-09-14
INV-104298,"Berkshire Print & Signage",5253.96,0.2,2026-09-15
INV-104299,"Alderman Logistics",3559.76,0.2,2026-09-16
INV-104300,"Cascade Office Supplies",929.18,0.2,2026-09-17
INV-104301,"Delta Facilities Group",7853.95,0.2,2026-09-18
INV-104302,"Everline Electrical",3841.74,0.2,2026-09-19
INV-104303,"Juniper IT Services",4809.28,0.2,2026-09-20
INV-104304,"Riverside Maintenance",3667.03,0.2,2026-09-21
INV-104305,"Ironside Security",5525.58,0.2,2026-09-22
INV-104306,"Cascade Office Supplies",1230.42,0.2,2026-09-23
INV-104307,"Larkspur Cleaning Contracts",4681.68,0.2,2026-09-24
INV-104308,"Riverside Maintenance",5174.97,0.2,2026-09-25
INV-104309,"Juniper IT Services",4631.54,0.2,2026-09-26
INV-104310,"Solstice Energy Partners",4534.36,0.2,2026-09-27
INV-104311,"Harbour Point Packaging",594.17,0.2,2026-09-28
INV-104312,"Northfield Timber Co",6606.7,0.2,2026-08-01
INV-104313,"Quarryside Aggregates",1593.52,0.2,2026-08-02
INV-104314,"Riverside Maintenance",1157.39,0.2,2026-08-03
INV-104315,"Berkshire Print & Signage",7736.34,0.2,2026-08-04
INV-104316,"Foxglove Catering",1456.33,0.2,2026-08-05
INV-104317,"Berkshire Print & Signage",9482.48,0.2,2026-08-06
INV-104318,"Pinnacle Consulting",6848.91,0.2,2026-08-07
INV-104319,"Berkshire Print & Signage",8928.8,0.2,2026-08-08
INV-104320,"Quarryside Aggregates",3397.37,0.2,2026-08-09
INV-104321,"Northfield Timber Co",146.62,0.2,2026-08-10
INV-104322,"Delta Facilities Group",3898.19,0.2,2026-08-11
INV-104323,"Kestrel Waste Management",4035.81,0.2,2026-08-12
INV-104324,"Foxglove Catering",4403.92,0.2,2026-08-13
INV-104325,"Oakwood Landscaping",5188.17,0.2,2026-08-14
INV-104326,"Oakwood Landscaping",2362.44,0.2,2026-08-15
INV-104327,"Ironside Security",1398.55,0.2,2026-08-16
INV-104328,"Northfield Timber Co",611.16,0.2,2026-08-17
INV-104329,"Solstice Energy Partners",312.92,0.2,2026-08-18
INV-104330,"Juniper IT Services",7835.04,0.2,2026-08-19
INV-104331,"Pinnacle Consulting",169.21,0.2,2026-08-20
INV-104332,"Berkshire Print & Signage",2624.66,0.2,2026-08-21
INV-104333,"Quarryside Aggregates",1054.69,0.2,2026-08-22
INV-104334,"Newton Freight",7858.71,0.2,2026-08-23
INV-104335,"Kestrel Waste Management",5169.25,0.2,2026-08-24
INV-104336,"Northfield Timber Co",8382.98,0.2,2026-08-25
INV-104337,"Newton Freight",8350.18,0.2,2026-08-26
INV-104338,"Granite Fleet Services",4446.54,0.2,2026-08-27
INV-104339,"Northfield Timber Co",5119.6,0.2,2026-08-28
INV-104340,"Granite Fleet Services",5029.53,0.2,2026-09-01
INV-104341,"Ironside Security",9408.68,0.2,2026-09-02
INV-104342,"Granite Fleet Services",3521.76,0.2,2026-09-03
INV-104343,"Ironside Security",6345.27,0.2,2026-09-04
INV-104344,"Solstice Energy Partners",7440.44,0.2,2026-09-05
INV-104345,"Quarryside Aggregates",8190.45,0.2,2026-09-06
INV-104346,"Solstice Energy Partners",5055.88,0.2,2026-09-07
INV-104347,"Juniper IT Services",9395.56,0.2,2026-09-08
INV-104348,"Juniper IT Services",7227.73,0.2,2026-09-09
INV-104349,"Kestrel Waste Management",8694.77,0.2,2026-09-10
INV-104350,"Berkshire Print & Signage",3545.87,0.2,2026-09-11
INV-104351,"Kestrel Waste Management",8006.44,0.2,2026-09-12
INV-104352,"Juniper IT Services",1218.5,0.2,2026-09-13
INV-104353,"Solstice Energy Partners",5736.2,0.2,2026-09-14
INV-104354,"Granite Fleet Services",7770.92,0.2,2026-09-15
INV-104355,"Harbour Point Packaging",6271.03,0.2,2026-09-16
INV-104356,"Larkspur Cleaning Contracts",4295.85,0.2,2026-09-17
INV-104357,"Oakwood Landscaping",2456.66,0.2,2026-09-18
INV-104358,"Oakwood Landscaping",600.8,0.2,2026-09-19
INV-104359,"Oakwood Landscaping",4102.25,0.2,2026-09-20
INV-104360,"Alderman Logistics",6610.29,0.2,2026-09-21
INV-104361,"Quarryside Aggregates",3430.29,0.2,2026-09-22
INV-104362,"Granite Fleet Services",3223.56,0.2,2026-09-23
INV-104363,"Newton Freight",1331.29,0.2,2026-09-24
INV-104364,"Newton Freight",8965.15,0.2,2026-09-25
INV-104365,"Cascade Office Supplies",3622.17,0.2,2026-09-26
INV-104366,"Oakwood Landscaping",7193.06,0.2,2026-09-27
INV-104367,"Kestrel Waste Management",2913.07,0.2,2026-09-28
INV-104368,"Northfield Timber Co",5363.79,0.2,2026-08-01
INV-104369,"Quarryside Aggregates",2449.34,0.2,2026-08-02
INV-104370,"Foxglove Catering",6708.8,0.2,2026-08-03
INV-104371,"Juniper IT Services",5620.7,0.2,2026-08-04
INV-104372,"Quarryside Aggregates",7907.1,0.2,2026-08-05
INV-104373,"Larkspur Cleaning Contracts",8347.31,0.2,2026-08-06
INV-104374,"Quarryside Aggregates",4720.01,0.2,2026-08-07
INV-104375,"Ironside Security",7552.61,0.2,2026-08-08
INV-104376,"Riverside Maintenance",1980.81,0.2,2026-08-09
INV-104377,"Harbour Point Packaging",2794.63,0.2,2026-08-10
INV-104378,"Delta Facilities Group",5784.32,0.2,2026-08-11
INV-104379,"Solstice Energy Partners",4170.92,0.2,2026-08-12
INV-104380,"Kestrel Waste Management",7552.84,0.2,2026-08-13
INV-104381,"Alderman Logistics",8480.1,0.2,2026-08-14
INV-104382,"Berkshire Print & Signage",1093.08,0.2,2026-08-15
INV-104383,"Harbour Point Packaging",8192.73,0.2,2026-08-16
INV-104384,"Oakwood Landscaping",4998.9,0.2,2026-08-17
INV-104385,"Oakwood Landscaping",2252.48,0.2,2026-08-18
INV-104386,"Juniper IT Services",1088.96,0.2,2026-08-19
INV-104387,"Ironside Security",279.3,0.2,2026-08-20
INV-104388,"Everline Electrical",1448.67,0.2,2026-08-21
INV-104389,"Pinnacle Consulting",1878.55,0.2,2026-08-22
INV-104390,"Delta Facilities Group",3168.6,0.2,2026-08-23
INV-104391,"Foxglove Catering",5425.08,0.2,2026-08-24
INV-104392,"Granite Fleet Services",5711.05,0.2,2026-08-25
INV-104393,"Newton Freight",1724.46,0.2,2026-08-26
INV-104394,"Oakwood Landscaping",8021.35,0.2,2026-08-27
INV-104395,"Foxglove Catering",3398.35,0.2,2026-08-28
INV-104396,"Riverside Maintenance",2903.04,0.2,2026-09-01
INV-104397,"Ironside Security",1559.22,0.2,2026-09-02
INV-104398,"Solstice Energy Partners",8822.06,0.2,2026-09-03
INV-104399,"Ironside Security",9234.48,0.2,2026-09-04
INV-104400,"Alderman Logistics",8766.74,0.2,2026-09-05
INV-104401,"Harbour Point Packaging",9286.88,0.2,2026-09-06
INV-104402,"Ironside Security",7602.07,0.2,2026-09-07
INV-104403,"Everline Electrical",9295.97,0.2,2026-09-08
INV-104404,"Juniper IT Services",8802.75,0.2,2026-09-09
INV-104405,"Quarryside Aggregates",392.52,0.2,2026-09-10
INV-104406,"Juniper IT Services",3035.27,0.2,2026-09-11
INV-104407,"Cascade Office Supplies",2016.09,0.2,2026-09-12
INV-104408,"Riverside Maintenance",7125.22,0.2,2026-09-13
INV-104409,"Foxglove Catering",5829.08,0.2,2026-09-14
INV-104410,"Solstice Energy Partners",7416.96,0.2,2026-09-15
INV-104411,"Ironside Security",7895.49,0.2,2026-09-16
INV-104412,"Granite Fleet Services",9153.41,0.2,2026-09-17
INV-104413,"Newton Freight",8499.35,0.2,2026-09-18
INV-104414,"Oakwood Landscaping",4429.23,0.2,2026-09-19
INV-104415,"Pinnacle Consulting",5765.67,0.2,2026-09-20
INV-104416,"Ironside Security",8832,0.2,2026-09-21
INV-104417,"Newton Freight",8653.42,0.2,2026-09-22
INV-104418,"Larkspur Cleaning Contracts",8086.06,0.2,2026-09-23
INV-104419,"Granite Fleet Services",8412.88,0.2,2026-09-24
INV-104420,"Larkspur Cleaning Contracts",167.42,0.2,2026-09-25
INV-104421,"Alderman Logistics",9256.28,0.2,2026-09-26
INV-104422,"Newton Freight",268.3,0.2,2026-09-27
INV-104423,"Riverside Maintenance",8631.87,0.2,2026-09-28
INV-104424,"Larkspur Cleaning Contracts",927.08,0.2,2026-08-01
INV-104425,"Foxglove Catering",4688.99,0.2,2026-08-02
INV-104426,"Cascade Office Supplies",6817.92,0.2,2026-08-03
INV-104427,"Delta Facilities Group",1136.81,0.2,2026-08-04
INV-104428,"Solstice Energy Partners",1207.01,0.2,2026-08-05
INV-104429,"Quarryside Aggregates",5477.37,0.2,2026-08-06
INV-104430,"Oakwood Landscaping",826.98,0.2,2026-08-07
INV-104431,"Ironside Security",4475.08,0.2,2026-08-08
INV-104432,"Newton Freight",1337.93,0.2,2026-08-09
INV-104433,"Oakwood Landscaping",3285.23,0.2,2026-08-10
INV-104434,"Everline Electrical",1688.64,0.2,2026-08-11
INV-104435,"Larkspur Cleaning Contracts",335.11,0.2,2026-08-12
INV-104436,"Cascade Office Supplies",8309.21,0.2,2026-08-13
INV-104437,"Foxglove Catering",4808.23,0.2,2026-08-14
INV-104438,"Harbour Point Packaging",3008.77,0.2,2026-08-15
INV-104439,"Kestrel Waste Management",6986.72,0.2,2026-08-16
INV-104440,"Berkshire Print & Signage",1851.09,0.2,2026-08-17
INV-104441,"Northfield Timber Co",1334.57,0.2,2026-08-18
INV-104442,"Riverside Maintenance",2040.8,0.2,2026-08-19
INV-104443,"Delta Facilities Group",8558.48,0.2,2026-08-20
INV-104444,"Quarryside Aggregates",1864.24,0.2,2026-08-21
INV-104445,"Delta Facilities Group",3253.6,0.2,2026-08-22
INV-104446,"Granite Fleet Services",7458.46,0.2,2026-08-23
INV-104447,"Ironside Security",6142.21,0.2,2026-08-24
INV-104448,"Kestrel Waste Management",6221.33,0.2,2026-08-25
INV-104449,"Larkspur Cleaning Contracts",7617.08,0.2,2026-08-26
INV-104450,"Northfield Timber Co",4852.33,0.2,2026-08-27
INV-104451,"Newton Freight",5276.05,0.2,2026-08-28
INV-104452,"Solstice Energy Partners",4704.77,0.2,2026-09-01
INV-104453,"Quarryside Aggregates",4555.57,0.2,2026-09-02
INV-104454,"Juniper IT Services",5074.46,0.2,2026-09-03
INV-104455,"Ironside Security",4338.19,0.2,2026-09-04
INV-104456,"Cascade Office Supplies",4571.87,0.2,2026-09-05
INV-104457,"Juniper IT Services",1508.13,0.2,2026-09-06
INV-104458,"Alderman Logistics",5285.67,0.2,2026-09-07
INV-104459,"Newton Freight",2841.64,0.2,2026-09-08
INV-104460,"Newton Freight",1589.23,0.2,2026-09-09
INV-104461,"Solstice Energy Partners",3889.95,0.2,2026-09-10
INV-104462,"Everline Electrical",7913.35,0.2,2026-09-11
INV-104463,"Alderman Logistics",3227.9,0.2,2026-09-12
INV-104464,"Ironside Security",9184.52,0.2,2026-09-13
INV-104465,"Larkspur Cleaning Contracts",3704.43,0.2,2026-09-14
INV-104466,"Ironside Security",4643.8,0.2,2026-09-15
INV-104467,"Juniper IT Services",5891.71,0.2,2026-09-16
INV-104468,"Harbour Point Packaging",4040.94,0.2,2026-09-17
INV-104469,"Harbour Point Packaging",7826.33,0.2,2026-09-18
INV-104470,"Foxglove Catering",4517.05,0.2,2026-09-19
INV-104471,"Alderman Logistics",2591.58,0.2,2026-09-20
INV-104472,"Larkspur Cleaning Contracts",6890.48,0.2,2026-09-21
INV-104473,"Quarryside Aggregates",9371.8,0.2,2026-09-22
INV-104474,"Cascade Office Supplies",3653.12,0.2,2026-09-23
INV-104475,"Northfield Timber Co",8022.23,0.2,2026-09-24
INV-104476,"Harbour Point Packaging",6122,0.2,2026-09-25
INV-104477,"Foxglove Catering",1136.31,0.2,2026-09-26
INV-104478,"Larkspur Cleaning Contracts",206.71,0.2,2026-09-27
INV-104479,"Cascade Office Supplies",634.93,0.2,2026-09-28
INV-104480,"Everline Electrical",4378.24,0.2,2026-08-01
INV-104481,"Solstice Energy Partners",2065.41,0.2,2026-08-02
INV-104482,"Ironside Security",634.89,0.2,2026-08-03
INV-104483,"Larkspur Cleaning Contracts",4400.23,0.2,2026-08-04
INV-104484,"Oakwood Landscaping",2231.34,0.2,2026-08-05
INV-104485,"Quarryside Aggregates",1320.5,0.2,2026-08-06
INV-104486,"Quarryside Aggregates",8385.42,0.2,2026-08-07
INV-104487,"Oakwood Landscaping",3817.08,0.2,2026-08-08
INV-104488,"Harbour Point Packaging",4655.92,0.2,2026-08-09
INV-104489,"Cascade Office Supplies",8982.46,0.2,2026-08-10
INV-104490,"Oakwood Landscaping",880.17,0.2,2026-08-11
INV-104491,"Delta Facilities Group",7102.39,0.2,2026-08-12
INV-104492,"Oakwood Landscaping",9125.45,0.2,2026-08-13
INV-104493,"Alderman Logistics",6878.1,0.2,2026-08-14
INV-104494,"Larkspur Cleaning Contracts",6144.47,0.2,2026-08-15
INV-104495,"Ironside Security",3342.88,0.2,2026-08-16
INV-104496,"Harbour Point Packaging",7357.83,0.2,2026-08-17
INV-104497,"Pinnacle Consulting",1436.45,0.2,2026-08-18
INV-104498,"Delta Facilities Group",8036.8,0.2,2026-08-19
INV-104499,"Quarryside Aggregates",5500.98,0.2,2026-08-20
INV-104500,"Harbour Point Packaging",5214.56,0.2,2026-08-21
INV-104501,"Riverside Maintenance",5010.4,0.2,2026-08-22
INV-104502,"Riverside Maintenance",2588.41,0.2,2026-08-23
INV-104503,"Everline Electrical",9392.37,0.2,2026-08-24
INV-104504,"Ironside Security",1637.53,0.2,2026-08-25
INV-104505,"Newton Freight",5609.34,0.2,2026-08-26
INV-104506,"Solstice Energy Partners",3183.99,0.2,2026-08-27
INV-104507,"Alderman Logistics",4031.91,0.2,2026-08-28
INV-104508,"Everline Electrical",9200.85,0.2,2026-09-01
INV-104509,"Kestrel Waste Management",2400.24,0.2,2026-09-02
INV-104510,"Juniper IT Services",2911.58,0.2,2026-09-03
INV-104511,"Ironside Security",9242.37,0.2,2026-09-04
INV-104512,"Kestrel Waste Management",1217.65,0.2,2026-09-05
INV-104513,"Pinnacle Consulting",5678.72,0.2,2026-09-06
INV-104514,"Oakwood Landscaping",4209.8,0.2,2026-09-07
INV-104515,"Everline Electrical",9486,0.2,2026-09-08
INV-104516,"Kestrel Waste Management",4644.86,0.2,2026-09-09
INV-104517,"Pinnacle Consulting",1320.43,0.2,2026-09-10
INV-104518,"Larkspur Cleaning Contracts",3689.59,0.2,2026-09-11
INV-104519,"Berkshire Print & Signage",3348.86,0.2,2026-09-12
INV-104520,"Delta Facilities Group",1474.78,0.2,2026-09-13
INV-104521,"Kestrel Waste Management",7788.05,0.2,2026-09-14
INV-104522,"Oakwood Landscaping",8886.02,0.2,2026-09-15
INV-104523,"Ironside Security",1322.34,0.2,2026-09-16
INV-104524,"Kestrel Waste Management",7691.47,0.2,2026-09-17
INV-104525,"Berkshire Print & Signage",8334.31,0.2,2026-09-18
INV-104526,"Oakwood Landscaping",4888.2,0.2,2026-09-19
INV-104527,"Berkshire Print & Signage",6030.22,0.2,2026-09-20
INV-104528,"Larkspur Cleaning Contracts",2414.33,0.2,2026-09-21
INV-104529,"Newton Freight",7748.84,0.2,2026-09-22
INV-104530,"Cascade Office Supplies",2059.23,0.2,2026-09-23
INV-104531,"Granite Fleet Services",3740.6,0.2,2026-09-24
INV-104532,"Everline Electrical",5576.06,0.2,2026-09-25
INV-104533,"Pinnacle Consulting",1893.39,0.2,2026-09-26
INV-104534,"Quarryside Aggregates",5095.83,0.2,2026-09-27
INV-104535,"Harbour Point Packaging",5794.28,0.2,2026-09-28
INV-104536,"Kestrel Waste Management",7902.16,0.2,2026-08-01
INV-104537,"Quarryside Aggregates",5085.79,0.2,2026-08-02
INV-104538,"Berkshire Print & Signage",2146.73,0.2,2026-08-03
INV-104539,"Juniper IT Services",2088.95,0.2,2026-08-04
INV-104540,"Juniper IT Services",1923.62,0.2,2026-08-05
INV-104541,"Foxglove Catering",7920.49,0.2,2026-08-06
INV-104542,"Cascade Office Supplies",2938.74,0.2,2026-08-07
INV-104543,"Larkspur Cleaning Contracts",5591.79,0.2,2026-08-08
INV-104544,"Delta Facilities Group",255.29,0.2,2026-08-09
INV-104545,"Pinnacle Consulting",5443.32,0.2,2026-08-10
INV-104546,"Berkshire Print & Signage",6875.67,0.2,2026-08-11
INV-104547,"Pinnacle Consulting",2550.48,0.2,2026-08-12
INV-104548,"Harbour Point Packaging",1040.07,0.2,2026-08-13
INV-104549,"Solstice Energy Partners",6125.17,0.2,2026-08-14
INV-104550,"Granite Fleet Services",5029.32,0.2,2026-08-15
INV-104551,"Ironside Security",1368.6,0.2,2026-08-16
INV-104552,"Larkspur Cleaning Contracts",6019.16,0.2,2026-08-17
INV-104553,"Juniper IT Services",7466.08,0.2,2026-08-18
INV-104554,"Pinnacle Consulting",4802.85,0.2,2026-08-19
INV-104555,"Cascade Office Supplies",6241.87,0.2,2026-08-20
INV-104556,"Oakwood Landscaping",385.3,0.2,2026-08-21
INV-104557,"Granite Fleet Services",8823.97,0.2,2026-08-22
INV-104558,"Larkspur Cleaning Contracts",3440.54,0.2,2026-08-23
INV-104559,"Riverside Maintenance",8106.81,0.2,2026-08-24
INV-104560,"Harbour Point Packaging",327.83,0.2,2026-08-25
INV-104561,"Cascade Office Supplies",1161.44,0.2,2026-08-26
INV-104562,"Larkspur Cleaning Contracts",237.74,0.2,2026-08-27
INV-104563,"Larkspur Cleaning Contracts",5713.71,0.2,2026-08-28
INV-104564,"Granite Fleet Services",4970.73,0.2,2026-09-01
INV-104565,"Pinnacle Consulting",530.38,0.2,2026-09-02
INV-104566,"Alderman Logistics",3689.04,0.2,2026-09-03
INV-104567,"Solstice Energy Partners",8861.11,0.2,2026-09-04
INV-104568,"Riverside Maintenance",8567.86,0.2,2026-09-05
INV-104569,"Cascade Office Supplies",3798.4,0.2,2026-09-06
INV-104570,"Quarryside Aggregates",6729.64,0.2,2026-09-07
INV-104571,"Kestrel Waste Management",6912.43,0.2,2026-09-08
INV-104572,"Solstice Energy Partners",3522.2,0.2,2026-09-09
INV-104573,"Alderman Logistics",8306.09,0.2,2026-09-10
INV-104574,"Berkshire Print & Signage",4908.23,0.2,2026-09-11
INV-104575,"Larkspur Cleaning Contracts",1494.41,0.2,2026-09-12
INV-104576,"Kestrel Waste Management",6987.68,0.2,2026-09-13
INV-104577,"Foxglove Catering",2899.01,0.2,2026-09-14
INV-104578,"Quarryside Aggregates",4993.94,0.2,2026-09-15
INV-104579,"Everline Electrical",4656.83,0.2,2026-09-16
INV-104580,"Quarryside Aggregates",2932.98,0.2,2026-09-17
INV-104581,"Kestrel Waste Management",5647.62,0.2,2026-09-18
INV-104582,"Larkspur Cleaning Contracts",2874.57,0.2,2026-09-19
INV-104583,"Kestrel Waste Management",6107.67,0.2,2026-09-20
INV-104584,"Ironside Security",3409.68,0.2,2026-09-21
INV-104585,"Delta Facilities Group",1513.8,0.2,2026-09-22
INV-104586,"Solstice Energy Partners",689.63,0.2,2026-09-23
INV-104587,"Northfield Timber Co",5148.02,0.2,2026-09-24
INV-104588,"Alderman Logistics",3443.63,0.2,2026-09-25
INV-104589,"Kestrel Waste Management",730.73,0.2,2026-09-26
INV-104590,"Alderman Logistics",7150.25,0.2,2026-09-27
INV-104591,"Pinnacle Consulting",7369.02,0.2,2026-09-28
INV-104592,"Juniper IT Services",9490.49,0.2,2026-08-01
INV-104593,"Oakwood Landscaping",5796.72,0.2,2026-08-02
INV-104594,"Pinnacle Consulting",8420.03,0.2,2026-08-03
INV-104595,"Cascade Office Supplies",5104.64,0.2,2026-08-04
INV-104596,"Oakwood Landscaping",6991.75,0.2,2026-08-05
INV-104597,"Foxglove Catering",3099.36,0.2,2026-08-06
INV-104598,"Juniper IT Services",465.98,0.2,2026-08-07
INV-104599,"Cascade Office Supplies",7915.75,0.2,2026-08-08
INV-104600,"Solstice Energy Partners",1077.2,0.2,2026-08-09
INV-104601,"Riverside Maintenance",5023.3,0.2,2026-08-10
INV-104602,"Newton Freight",6619.59,0.2,2026-08-11
INV-104603,"Harbour Point Packaging",2408.51,0.2,2026-08-12
INV-104604,"Riverside Maintenance",4043.61,0.2,2026-08-13
INV-104605,"Oakwood Landscaping",4927.23,0.2,2026-08-14
INV-104606,"Oakwood Landscaping",8164.27,0.2,2026-08-15
INV-104607,"Solstice Energy Partners",8437.03,0.2,2026-08-16
INV-104608,"Everline Electrical",7073.42,0.2,2026-08-17
INV-104609,"Everline Electrical",1307.23,0.2,2026-08-18
INV-104610,"Cascade Office Supplies",7133.8,0.2,2026-08-19
INV-104611,"Harbour Point Packaging",4501.84,0.2,2026-08-20
INV-104612,"Pinnacle Consulting",1387.34,0.2,2026-08-21
INV-104613,"Cascade Office Supplies",326.21,0.2,2026-08-22
INV-104614,"Foxglove Catering",5312.56,0.2,2026-08-23
INV-104615,"Kestrel Waste Management",3458.78,0.2,2026-08-24
INV-104616,"Cascade Office Supplies",2113.46,0.2,2026-08-25
INV-104617,"Oakwood Landscaping",9213.13,0.2,2026-08-26
INV-104618,"Riverside Maintenance",1029.92,0.2,2026-08-27
INV-104619,"Kestrel Waste Management",3680.44,0.2,2026-08-28
INV-104620,"Granite Fleet Services",5661.17,0.2,2026-09-01
INV-104621,"Delta Facilities Group",7928.55,0.2,2026-09-02
INV-104622,"Everline Electrical",1727.03,0.2,2026-09-03
INV-104623,"Ironside Security",593.77,0.2,2026-09-04
INV-104624,"Berkshire Print & Signage",2422.11,0.2,2026-09-05
INV-104625,"Oakwood Landscaping",9044.42,0.2,2026-09-06
INV-104626,"Berkshire Print & Signage",4582.51,0.2,2026-09-07
INV-104627,"Harbour Point Packaging",3208.38,0.2,2026-09-08
INV-104628,"Northfield Timber Co",6279.83,0.2,2026-09-09
INV-104629,"Everline Electrical",3192.01,0.2,2026-09-10
INV-104630,"Ironside Security",9008.56,0.2,2026-09-11
INV-104631,"Cascade Office Supplies",6435.87,0.2,2026-09-12
INV-104632,"Newton Freight",7775.39,0.2,2026-09-13
INV-104633,"Newton Freight",4957.91,0.2,2026-09-14
INV-104634,"Foxglove Catering",5565.5,0.2,2026-09-15
INV-104635,"Ironside Security",1576.93,0.2,2026-09-16
INV-104636,"Quarryside Aggregates",4412.13,0.2,2026-09-17
INV-104637,"Quarryside Aggregates",1474.55,0.2,2026-09-18
INV-104638,"Oakwood Landscaping",4716.4,0.2,2026-09-19
INV-104639,"Everline Electrical",6580.42,0.2,2026-09-20
INV-104640,"Newton Freight",2343.52,0.2,2026-09-21
INV-104641,"Northfield Timber Co",7110.62,0.2,2026-09-22
INV-104642,"Ironside Security",7180.88,0.2,2026-09-23
INV-104643,"Quarryside Aggregates",6178.46,0.2,2026-09-24
INV-104644,"Oakwood Landscaping",7091.15,0.2,2026-09-25
INV-104645,"Granite Fleet Services",9419.78,0.2,2026-09-26
INV-104646,"Granite Fleet Services",8000.64,0.2,2026-09-27
INV-104647,"Harbour Point Packaging",5473.44,0.2,2026-09-28
INV-104648,"Kestrel Waste Management",8786.32,0.2,2026-08-01
INV-104649,"Foxglove Catering",3890.35,0.2,2026-08-02
INV-104650,"Harbour Point Packaging",303.65,0.2,2026-08-03
INV-104651,"Newton Freight",5625.2,0.2,2026-08-04
INV-104652,"Northfield Timber Co",1285.95,0.2,2026-08-05
INV-104653,"Ironside Security",4287.54,0.2,2026-08-06
INV-104654,"Juniper IT Services",7573.03,0.2,2026-08-07
INV-104655,"Berkshire Print & Signage",2327.27,0.2,2026-08-08
INV-104656,"Foxglove Catering",3925.23,0.2,2026-08-09
INV-104657,"Oakwood Landscaping",8362.57,0.2,2026-08-10
INV-104658,"Northfield Timber Co",8547.88,0.2,2026-08-11
INV-104659,"Juniper IT Services",5158.2,0.2,2026-08-12
INV-104660,"Newton Freight",8854.02,0.2,2026-08-13
INV-104661,"Pinnacle Consulting",964.55,0.2,2026-08-14
INV-104662,"Quarryside Aggregates",5175.28,0.2,2026-08-15
INV-104663,"Larkspur Cleaning Contracts",2282.83,0.2,2026-08-16
INV-104664,"Granite Fleet Services",3187.67,0.2,2026-08-17
INV-104665,"Cascade Office Supplies",2976.21,0.2,2026-08-18
INV-104666,"Oakwood Landscaping",1111.6,0.2,2026-08-19
INV-104667,"Pinnacle Consulting",3190.23,0.2,2026-08-20
INV-104668,"Solstice Energy Partners",46.29,0.2,2026-08-21
INV-104669,"Everline Electrical",6381.41,0.2,2026-08-22
INV-104670,"Foxglove Catering",6705.49,0.2,2026-08-23
INV-104671,"Everline Electrical",8824,0.2,2026-08-24
INV-104672,"Solstice Energy Partners",4477.81,0.2,2026-08-25
INV-104673,"Foxglove Catering",3802.69,0.2,2026-08-26
INV-104674,"Northfield Timber Co",567.05,0.2,2026-08-27
INV-104675,"Cascade Office Supplies",7954.54,0.2,2026-08-28
INV-104676,"Quarryside Aggregates",3169.55,0.2,2026-09-01
INV-104677,"Granite Fleet Services",8603.99,0.2,2026-09-02
INV-104678,"Larkspur Cleaning Contracts",2446.91,0.2,2026-09-03
INV-104679,"Newton Freight",7740.34,0.2,2026-09-04
INV-104680,"Cascade Office Supplies",2551.14,0.2,2026-09-05
INV-104681,"Alderman Logistics",2634.14,0.2,2026-09-06
INV-104682,"Berkshire Print & Signage",8419.67,0.2,2026-09-07
INV-104683,"Quarryside Aggregates",9010.78,0.2,2026-09-08
INV-104684,"Foxglove Catering",410.22,0.2,2026-09-09
INV-104685,"Newton Freight",340.33,0.2,2026-09-10
INV-104686,"Delta Facilities Group",735.55,0.2,2026-09-11
INV-104687,"Granite Fleet Services",1459.4,0.2,2026-09-12
INV-104688,"Pinnacle Consulting",2173.16,0.2,2026-09-13
INV-104689,"Oakwood Landscaping",4325.22,0.2,2026-09-14
INV-104690,"Juniper IT Services",6348.63,0.2,2026-09-15
INV-104691,"Cascade Office Supplies",8179.44,0.2,2026-09-16
INV-104692,"Cascade Office Supplies",1437.13,0.2,2026-09-17
INV-104693,"Larkspur Cleaning Contracts",4392.36,0.2,2026-09-18
INV-104694,"Ironside Security",6249.28,0.2,2026-09-19
INV-104695,"Riverside Maintenance",1268.98,0.2,2026-09-20
INV-104696,"Northfield Timber Co",128.68,0.2,2026-09-21
INV-104697,"Quarryside Aggregates",9186.57,0.2,2026-09-22
INV-104698,"Newton Freight",7774.8,0.2,2026-09-23
INV-104699,"Larkspur Cleaning Contracts",1980.85,0.2,2026-09-24
INV-104700,"Larkspur Cleaning Contracts",1747.31,0.2,2026-09-25
INV-104701,"Berkshire Print & Signage",8484.65,0.2,2026-09-26
INV-104702,"Quarryside Aggregates",1892.77,0.2,2026-09-27
INV-104703,"Cascade Office Supplies",5448.45,0.2,2026-09-28
INV-104704,"Alderman Logistics",9319.89,0.2,2026-08-01
INV-104705,"Ironside Security",3608.74,0.2,2026-08-02
INV-104706,"Oakwood Landscaping",7756.89,0.2,2026-08-03
INV-104707,"Foxglove Catering",9204.86,0.2,2026-08-04
INV-104708,"Cascade Office Supplies",1699.02,0.2,2026-08-05
INV-104709,"Quarryside Aggregates",4805.63,0.2,2026-08-06
INV-104710,"Quarryside Aggregates",5400.03,0.2,2026-08-07
INV-104711,"Ironside Security",184.01,0.2,2026-08-08
INV-104712,"Harbour Point Packaging",7320.49,0.2,2026-08-09
INV-104713,"Everline Electrical",5697.3,0.2,2026-08-10
INV-104714,"Solstice Energy Partners",6614.24,0.2,2026-08-11
INV-104715,"Solstice Energy Partners",7112.51,0.2,2026-08-12
INV-104716,"Oakwood Landscaping",932.72,0.2,2026-08-13
INV-104717,"Pinnacle Consulting",9286.6,0.2,2026-08-14
INV-104718,"Cascade Office Supplies",9492.01,0.2,2026-08-15
INV-104719,"Foxglove Catering",2687.13,0.2,2026-08-16
INV-104720,"Harbour Point Packaging",441.89,0.2,2026-08-17
INV-104721,"Alderman Logistics",9348.49,0.2,2026-08-18
INV-104722,"Berkshire Print & Signage",3791.21,0.2,2026-08-19
INV-104723,"Everline Electrical",5916.67,0.2,2026-08-20
INV-104724,"Juniper IT Services",7298.45,0.2,2026-08-21
INV-104725,"Juniper IT Services",810.82,0.2,2026-08-22
INV-104726,"Juniper IT Services",1971.11,0.2,2026-08-23
INV-104727,"Juniper IT Services",7242.21,0.2,2026-08-24
INV-104728,"Newton Freight",8725.6,0.2,2026-08-25
INV-104729,"Juniper IT Services",3321.5,0.2,2026-08-26
INV-104730,"Newton Freight",8076.61,0.2,2026-08-27
INV-104731,"Berkshire Print & Signage",702.65,0.2,2026-08-28
INV-104732,"Oakwood Landscaping",1509.23,0.2,2026-09-01
INV-104733,"Everline Electrical",2645.45,0.2,2026-09-02
INV-104734,"Juniper IT Services",7527.75,0.2,2026-09-03
INV-104735,"Larkspur Cleaning Contracts",115.51,0.2,2026-09-04
INV-104736,"Delta Facilities Group",4907.09,0.2,2026-09-05
INV-104737,"Alderman Logistics",1236.19,0.2,2026-09-06
INV-104738,"Quarryside Aggregates",9418.9,0.2,2026-09-07
INV-104739,"Cascade Office Supplies",8998.15,0.2,2026-09-08
INV-104740,"Northfield Timber Co",4013.15,0.2,2026-09-09
INV-104741,"Delta Facilities Group",611.83,0.2,2026-09-10
INV-104742,"Granite Fleet Services",5371.15,0.2,2026-09-11
INV-104743,"Pinnacle Consulting",5784.88,0.2,2026-09-12
INV-104744,"Pinnacle Consulting",8653.27,0.2,2026-09-13
INV-104745,"Larkspur Cleaning Contracts",3245.63,0.2,2026-09-14
INV-104746,"Alderman Logistics",1072.65,0.2,2026-09-15
INV-104747,"Alderman Logistics",9291.31,0.2,2026-09-16
INV-104748,"Delta Facilities Group",7541.23,0.2,2026-09-17
INV-104749,"Newton Freight",8153.74,0.2,2026-09-18
INV-104750,"Granite Fleet Services",6872.9,0.2,2026-09-19
INV-104751,"Juniper IT Services",7559.51,0.2,2026-09-20
INV-104752,"Meridian Supplies Ltd",5476.32,0.2,2026-09-21
INV-104753,"Riverside Maintenance",6337.69,0.2,2026-09-22
INV-104754,"Northfield Timber Co",1483.66,0.2,2026-09-23
INV-104755,"Delta Facilities Group",3310.67,0.2,2026-09-24
INV-104756,"Kestrel Waste Management",9164.34,0.2,2026-09-25
INV-104757,"Juniper IT Services",8427.08,0.2,2026-09-26
INV-104758,"Northfield Timber Co",4558.83,0.2,2026-09-27
INV-104759,"Ironside Security",6482.53,0.2,2026-09-28
INV-104760,"Berkshire Print & Signage",8054.15,0.2,2026-08-01
INV-104761,"Kestrel Waste Management",7144.06,0.2,2026-08-02
INV-104762,"Solstice Energy Partners",2278.53,0.2,2026-08-03
INV-104763,"Northfield Timber Co",4263.46,0.2,2026-08-04
INV-104764,"Berkshire Print & Signage",6272.48,0.2,2026-08-05
INV-104765,"Solstice Energy Partners",4942,0.2,2026-08-06
INV-104766,"Granite Fleet Services",3349.71,0.2,2026-08-07
INV-104767,"Harbour Point Packaging",7433.09,0.2,2026-08-08
INV-104768,"Granite Fleet Services",6305.39,0.2,2026-08-09
INV-104769,"Ironside Security",1105.72,0.2,2026-08-10
INV-104770,"Berkshire Print & Signage",2091.69,0.2,2026-08-11
INV-104771,"Oakwood Landscaping",2856.77,0.2,2026-08-12
INV-104772,"Harbour Point Packaging",6840.89,0.2,2026-08-13
INV-104773,"Larkspur Cleaning Contracts",7839.88,0.2,2026-08-14
INV-104774,"Larkspur Cleaning Contracts",6766.89,0.2,2026-08-15
INV-104775,"Pinnacle Consulting",7992.07,0.2,2026-08-16
INV-104776,"Berkshire Print & Signage",3038.23,0.2,2026-08-17
INV-104777,"Quarryside Aggregates",7699.72,0.2,2026-08-18
INV-104778,"Foxglove Catering",191.3,0.2,2026-08-19
INV-104779,"Ironside Security",7750.13,0.2,2026-08-20
INV-104780,"Everline Electrical",9301.72,0.2,2026-08-21
INV-104781,"Newton Freight",5203.95,0.2,2026-08-22
INV-104782,"Oakwood Landscaping",6276.53,0.2,2026-08-23
INV-104783,"Pinnacle Consulting",2083.64,0.2,2026-08-24
INV-104784,"Newton Freight",8982.79,0.2,2026-08-25
INV-104785,"Northfield Timber Co",4525.31,0.2,2026-08-26
INV-104786,"Everline Electrical",6103.57,0.2,2026-08-27
INV-104787,"Quarryside Aggregates",4981.44,0.2,2026-08-28
INV-104788,"Juniper IT Services",2976.67,0.2,2026-09-01
INV-104789,"Cascade Office Supplies",570.73,0.2,2026-09-02
INV-104790,"Alderman Logistics",3080.06,0.2,2026-09-03
INV-104791,"Pinnacle Consulting",2057.14,0.2,2026-09-04
INV-104792,"Kestrel Waste Management",6824.64,0.2,2026-09-05
INV-104793,"Harbour Point Packaging",7269.39,0.2,2026-09-06
INV-104794,"Granite Fleet Services",3929.64,0.2,2026-09-07
INV-104795,"Solstice Energy Partners",3822.35,0.2,2026-09-08
INV-104796,"Berkshire Print & Signage",3667.14,0.2,2026-09-09
INV-104797,"Pinnacle Consulting",7388.78,0.2,2026-09-10
INV-104798,"Larkspur Cleaning Contracts",3986.15,0.2,2026-09-11
INV-104799,"Oakwood Landscaping",1090.68,0.2,2026-09-12
INV-104800,"Solstice Energy Partners",6016.09,0.2,2026-09-13
INV-104801,"Cascade Office Supplies",8704.5,0.2,2026-09-14
INV-104802,"Everline Electrical",6520.67,0.2,2026-09-15
INV-104803,"Solstice Energy Partners",8408.1,0.2,2026-09-16
INV-104804,"Cascade Office Supplies",7081.43,0.2,2026-09-17
INV-104805,"Juniper IT Services",6789.06,0.2,2026-09-18
INV-104806,"Oakwood Landscaping",1658.46,0.2,2026-09-19
INV-104807,"Cascade Office Supplies",7754.74,0.2,2026-09-20
INV-104808,"Harbour Point Packaging",3093.83,0.2,2026-09-21
INV-104809,"Northfield Timber Co",6777.74,0.2,2026-09-22
INV-104810,"Foxglove Catering",1363.53,0.2,2026-09-23
INV-104811,"Riverside Maintenance",7453.13,0.2,2026-09-24
INV-104812,"Berkshire Print & Signage",1744.73,0.2,2026-09-25
INV-104813,"Everline Electrical",1840.39,0.2,2026-09-26
INV-104814,"Granite Fleet Services",6530.11,0.2,2026-09-27
INV-104815,"Pinnacle Consulting",1477.33,0.2,2026-09-28
INV-104816,"Oakwood Landscaping",9090.5,0.2,2026-08-01
INV-104817,"Granite Fleet Services",5709.15,0.2,2026-08-02
INV-104818,"Kestrel Waste Management",6851.2,0.2,2026-08-03
INV-104819,"Foxglove Catering",2720.21,0.2,2026-08-04
INV-104820,"Pinnacle Consulting",2417.01,0.2,2026-08-05
INV-104821,"Pinnacle Consulting",9494.78,0.2,2026-08-06
INV-104822,"Pinnacle Consulting",1200.39,0.2,2026-08-07
INV-104823,"Quarryside Aggregates",5098.6,0.2,2026-08-08
INV-104824,"Larkspur Cleaning Contracts",750.56,0.2,2026-08-09
INV-104825,"Harbour Point Packaging",5043.72,0.2,2026-08-10
INV-104826,"Granite Fleet Services",2317.96,0.2,2026-08-11
INV-104827,"Northfield Timber Co",2604.22,0.2,2026-08-12
INV-104828,"Quarryside Aggregates",9190.57,0.2,2026-08-13
INV-104829,"Granite Fleet Services",5602.67,0.2,2026-08-14
INV-104830,"Northfield Timber Co",7908.53,0.2,2026-08-15
INV-104831,"Quarryside Aggregates",3717.27,0.2,2026-08-16
INV-104832,"Kestrel Waste Management",3765.44,0.2,2026-08-17
INV-104833,"Pinnacle Consulting",8467.01,0.2,2026-08-18
INV-104834,"Riverside Maintenance",1412.27,0.2,2026-08-19
INV-104835,"Foxglove Catering",2954.72,0.2,2026-08-20
INV-104836,"Alderman Logistics",7303.01,0.2,2026-08-21
INV-104837,"Newton Freight",2071.19,0.2,2026-08-22
INV-104838,"Larkspur Cleaning Contracts",8987.91,0.2,2026-08-23
INV-104839,"Newton Freight",6698.41,0.2,2026-08-24
INV-104840,"Delta Facilities Group",1089.51,0.2,2026-08-25
INV-104841,"Foxglove Catering",3337.82,0.2,2026-08-26
INV-104842,"Berkshire Print & Signage",3438.29,0.2,2026-08-27
INV-104843,"Foxglove Catering",5601.13,0.2,2026-08-28
INV-104844,"Cascade Office Supplies",6775.6,0.2,2026-09-01
INV-104845,"Harbour Point Packaging",2144.39,0.2,2026-09-02
INV-104846,"Solstice Energy Partners",8224.68,0.2,2026-09-03
INV-104847,"Kestrel Waste Management",9106.25,0.2,2026-09-04
INV-104848,"Solstice Energy Partners",3640.08,0.2,2026-09-05
INV-104849,"Northfield Timber Co",9134.57,0.2,2026-09-06
INV-104850,"Larkspur Cleaning Contracts",6579.05,0.2,2026-09-07
INV-104851,"Harbour Point Packaging",9056.56,0.2,2026-09-08
INV-104852,"Everline Electrical",2071.8,0.2,2026-09-09
INV-104853,"Granite Fleet Services",8887.33,0.2,2026-09-10
INV-104854,"Harbour Point Packaging",8067.97,0.2,2026-09-11
INV-104855,"Newton Freight",5295.48,0.2,2026-09-12
INV-104856,"Delta Facilities Group",45.76,0.2,2026-09-13
INV-104857,"Alderman Logistics",843.04,0.2,2026-09-14
INV-104858,"Cascade Office Supplies",9142.1,0.2,2026-09-15
INV-104859,"Newton Freight",8400.3,0.2,2026-09-16
INV-104860,"Delta Facilities Group",6739.42,0.2,2026-09-17
INV-104861,"Berkshire Print & Signage",5520.68,0.2,2026-09-18
INV-104862,"Cascade Office Supplies",986.12,0.2,2026-09-19
INV-104863,"Oakwood Landscaping",3141.4,0.2,2026-09-20
INV-104864,"Ironside Security",2039.15,0.2,2026-09-21
INV-104865,"Everline Electrical",3125.77,0.2,2026-09-22
INV-104866,"Pinnacle Consulting",2616.53,0.2,2026-09-23
INV-104867,"Larkspur Cleaning Contracts",1270.23,0.2,2026-09-24
INV-104868,"Everline Electrical",785.92,0.2,2026-09-25
INV-104869,"Quarryside Aggregates",4770.65,0.2,2026-09-26
INV-104870,"Pinnacle Consulting",7956.24,0.2,2026-09-27
INV-104871,"Foxglove Catering",1559.2,0.2,2026-09-28
INV-104872,"Quarryside Aggregates",5007.21,0.2,2026-08-01
INV-104873,"Newton Freight",5899.47,0.2,2026-08-02
INV-104874,"Alderman Logistics",5795.09,0.2,2026-08-03
INV-104875,"Cascade Office Supplies",3244.2,0.2,2026-08-04
INV-104876,"Everline Electrical",4934.4,0.2,2026-08-05
INV-104877,"Larkspur Cleaning Contracts",2684.69,0.2,2026-08-06
INV-104878,"Riverside Maintenance",5797.54,0.2,2026-08-07
INV-104879,"Cascade Office Supplies",2107.01,0.2,2026-08-08
INV-104880,"Newton Freight",8381.33,0.2,2026-08-09
INV-104881,"Foxglove Catering",2328.82,0.2,2026-08-10
INV-104882,"Delta Facilities Group",2148.14,0.2,2026-08-11
INV-104883,"Riverside Maintenance",1902.83,0.2,2026-08-12
INV-104884,"Alderman Logistics",768.66,0.2,2026-08-13
INV-104885,"Cascade Office Supplies",4264.66,0.2,2026-08-14
INV-104886,"Granite Fleet Services",4107.09,0.2,2026-08-15
INV-104887,"Berkshire Print & Signage",1265.8,0.2,2026-08-16
INV-104888,"Harbour Point Packaging",4734.08,0.2,2026-08-17
INV-104889,"Quarryside Aggregates",7085.8,0.2,2026-08-18
INV-104890,"Oakwood Landscaping",2525.29,0.2,2026-08-19
INV-104891,"Larkspur Cleaning Contracts",5455.32,0.2,2026-08-20
INV-104892,"Everline Electrical",7697.14,0.2,2026-08-21
INV-104893,"Quarryside Aggregates",2094.02,0.2,2026-08-22
INV-104894,"Alderman Logistics",9234.95,0.2,2026-08-23
INV-104895,"Alderman Logistics",3198.89,0.2,2026-08-24
INV-104896,"Newton Freight",5911.57,0.2,2026-08-25
INV-104897,"Ironside Security",3877.9,0.2,2026-08-26
INV-104898,"Juniper IT Services",3489.4,0.2,2026-08-27
INV-104899,"Larkspur Cleaning Contracts",2549.45,0.2,2026-08-28
INV-104900,"Berkshire Print & Signage",7298.24,0.2,2026-09-01
INV-104901,"Alderman Logistics",4508.64,0.2,2026-09-02
INV-104902,"Pinnacle Consulting",7493.06,0.2,2026-09-03
INV-104903,"Larkspur Cleaning Contracts",5597.38,0.2,2026-09-04
INV-104904,"Pinnacle Consulting",7553.05,0.2,2026-09-05
INV-104905,"Everline Electrical",8046.6,0.2,2026-09-06
INV-104906,"Harbour Point Packaging",6667.36,0.2,2026-09-07
INV-104907,"Juniper IT Services",5016.63,0.2,2026-09-08
INV-104908,"Larkspur Cleaning Contracts",7100.52,0.2,2026-09-09
INV-104909,"Harbour Point Packaging",4914.44,0.2,2026-09-10
INV-104910,"Quarryside Aggregates",5927.42,0.2,2026-09-11
INV-104911,"Juniper IT Services",2488.03,0.2,2026-09-12
INV-104912,"Harbour Point Packaging",7848.67,0.2,2026-09-13
INV-104913,"Ironside Security",7826.75,0.2,2026-09-14
INV-104914,"Northfield Timber Co",764.98,0.2,2026-09-15
INV-104915,"Newton Freight",3601.36,0.2,2026-09-16
INV-104916,"Foxglove Catering",5054.69,0.2,2026-09-17
INV-104917,"Oakwood Landscaping",4987.21,0.2,2026-09-18
INV-104918,"Larkspur Cleaning Contracts",6648.38,0.2,2026-09-19
INV-104919,"Juniper IT Services",3396.26,0.2,2026-09-20
INV-104920,"Newton Freight",5682.4,0.2,2026-09-21
INV-104921,"Northfield Timber Co",3919.98,0.2,2026-09-22
INV-104922,"Ironside Security",4981.06,0.2,2026-09-23
INV-104923,"Delta Facilities Group",4045.91,0.2,2026-09-24
INV-104924,"Granite Fleet Services",731.55,0.2,2026-09-25
INV-104925,"Juniper IT Services",5072.97,0.2,2026-09-26
INV-104926,"Foxglove Catering",9211.37,0.2,2026-09-27
INV-104927,"Oakwood Landscaping",4515.95,0.2,2026-09-28
INV-104928,"Everline Electrical",1793.07,0.2,2026-08-01
INV-104929,"Foxglove Catering",5307.89,0.2,2026-08-02
INV-104930,"Oakwood Landscaping",6227.64,0.2,2026-08-03
INV-104931,"Pinnacle Consulting",2271.02,0.2,2026-08-04
INV-104932,"Ironside Security",8931.54,0.2,2026-08-05
INV-104933,"Northfield Timber Co",6428.8,0.2,2026-08-06
INV-104934,"Granite Fleet Services",4593.72,0.2,2026-08-07
INV-104935,"Juniper IT Services",3594.73,0.2,2026-08-08
INV-104936,"Newton Freight",7604.26,0.2,2026-08-09
INV-104937,"Newton Freight",7596.21,0.2,2026-08-10
INV-104938,"Delta Facilities Group",333.5,0.2,2026-08-11
INV-104939,"Harbour Point Packaging",8016.77,0.2,2026-08-12
INV-104940,"Northfield Timber Co",2637.81,0.2,2026-08-13
INV-104941,"Solstice Energy Partners",3879.64,0.2,2026-08-14
INV-104942,"Riverside Maintenance",4756.69,0.2,2026-08-15
INV-104943,"Northfield Timber Co",9443.95,0.2,2026-08-16
INV-104944,"Alderman Logistics",4425.34,0.2,2026-08-17
INV-104945,"Quarryside Aggregates",7661.16,0.2,2026-08-18
INV-104946,"Berkshire Print & Signage",6044.4,0.2,2026-08-19
INV-104947,"Pinnacle Consulting",6225.21,0.2,2026-08-20
INV-104948,"Northfield Timber Co",629.24,0.2,2026-08-21
INV-104949,"Harbour Point Packaging",779.68,0.2,2026-08-22
INV-104950,"Everline Electrical",6320.93,0.2,2026-08-23
INV-104951,"Juniper IT Services",6210.03,0.2,2026-08-24
INV-104952,"Ironside Security",5853.85,0.2,2026-08-25
INV-104953,"Juniper IT Services",2591.3,0.2,2026-08-26
INV-104954,"Northfield Timber Co",8356.07,0.2,2026-08-27
INV-104955,"Quarryside Aggregates",739.16,0.2,2026-08-28
INV-104956,"Everline Electrical",9137.66,0.2,2026-09-01
INV-104957,"Solstice Energy Partners",818.73,0.2,2026-09-02
INV-104958,"Foxglove Catering",6524.57,0.2,2026-09-03
INV-104959,"Foxglove Catering",5560.44,0.2,2026-09-04
INV-104960,"Riverside Maintenance",5999.71,0.2,2026-09-05
INV-104961,"Quarryside Aggregates",1682.82,0.2,2026-09-06
INV-104962,"Riverside Maintenance",2359.58,0.2,2026-09-07
INV-104963,"Granite Fleet Services",7069.75,0.2,2026-09-08
INV-104964,"Granite Fleet Services",1512.69,0.2,2026-09-09
INV-104965,"Harbour Point Packaging",1328.27,0.2,2026-09-10
INV-104966,"Harbour Point Packaging",2557.07,0.2,2026-09-11
INV-104967,"Alderman Logistics",694.83,0.2,2026-09-12
INV-104968,"Alderman Logistics",2179.45,0.2,2026-09-13
INV-104969,"Berkshire Print & Signage",793.32,0.2,2026-09-14
INV-104970,"Juniper IT Services",2921.42,0.2,2026-09-15
INV-104971,"Ironside Security",4822.4,0.2,2026-09-16
INV-104972,"Northfield Timber Co",7550.36,0.2,2026-09-17
INV-104973,"Solstice Energy Partners",1480.86,0.2,2026-09-18
INV-104974,"Newton Freight",3924.15,0.2,2026-09-19
INV-104975,"Foxglove Catering",2369.96,0.2,2026-09-20
INV-104976,"Everline Electrical",9107.73,0.2,2026-09-21
INV-104977,"Pinnacle Consulting",3679.53,0.2,2026-09-22
INV-104978,"Larkspur Cleaning Contracts",579.7,0.2,2026-09-23
INV-104979,"Oakwood Landscaping",3368.68,0.2,2026-09-24
INV-104980,"Kestrel Waste Management",8765.87,0.2,2026-09-25
INV-104981,"Foxglove Catering",6279.21,0.2,2026-09-26
INV-104982,"Quarryside Aggregates",3256.83,0.2,2026-09-27
INV-104983,"Juniper IT Services",831.28,0.2,2026-09-28
INV-104984,"Cascade Office Supplies",6303.77,0.2,2026-08-01
INV-104985,"Newton Freight",225.03,0.2,2026-08-02
INV-104986,"Berkshire Print & Signage",8618.94,0.2,2026-08-03
INV-104987,"Pinnacle Consulting",5418.23,0.2,2026-08-04
INV-104988,"Quarryside Aggregates",5503.42,0.2,2026-08-05
INV-104989,"Larkspur Cleaning Contracts",3188.17,0.2,2026-08-06
INV-104990,"Ironside Security",1253.59,0.2,2026-08-07
INV-104991,"Larkspur Cleaning Contracts",2292.64,0.2,2026-08-08
INV-104992,"Juniper IT Services",8779.01,0.2,2026-08-09
INV-104993,"Everline Electrical",4803.52,0.2,2026-08-10
INV-104994,"Quarryside Aggregates",9183.33,0.2,2026-08-11
INV-104995,"Alderman Logistics",743.49,0.2,2026-08-12
INV-104996,"Ironside Security",2769.94,0.2,2026-08-13
INV-104997,"Granite Fleet Services",7820.56,0.2,2026-08-14
INV-104998,"Newton Freight",2958.96,0.2,2026-08-15
INV-104999,"Delta Facilities Group",2647.15,0.2,2026-08-16
